S.No,FABRIC_NAME,COLOR_OF_DRESS,price,PRICE,URL
0,Georgette Stitched Flared/A-line Gown,Brown,799,₹799,EXCEL_short
1,Applique Silk Blend Stitched Flared/A-line Gown,Red,399,₹399,EXCEL_short
2,Printed Crepe Stitched Anarkali Gown,Beige,298,₹298,EXCEL_short
3,Embroidered Net Semi Stitched Anarkali Gown,Pink,499,₹499,EXCEL_short
4,Printed Crepe Stitched Anarkali Gown,Beige,298,₹298,EXCEL_short
5,Printed Crepe Stitched Anarkali Gown,Beige,298,₹298,EXCEL_short
6,Printed Crepe Stitched Anarkali Gown,Beige,298,₹298,EXCEL_short
7,Applique Silk Blend Stitched Flared/A-line Gown,Green,399,₹399,EXCEL_short
8,Printed Crepe Stitched Anarkali Gown,Light Green,300,₹300,EXCEL_short
9,Printed Crepe Stitched Anarkali Gown,Dark Blue,298,₹298,EXCEL_short
10,Solid Georgette Stitched Flared/A-line Gown,Black,499,₹499,EXCEL_short
11,Printed Crepe Stitched Anarkali Gown,Dark Blue,298,₹298,EXCEL_short
12,Georgette Stitched Anarkali Gown,Dark Blue,649,₹649,EXCEL_short
13,Embroidered Net Semi Stitched Anarkali Gown,Grey,680,₹680,EXCEL_short
14,Paisley Rayon Blend Stitched Anarkali Gown,Maroon,769,₹769,EXCEL_short
15,Printed Crepe Stitched Anarkali Gown,Pink,284,₹284,EXCEL_short
16,Printed Crepe Stitched Anarkali Gown,Black,284,₹284,EXCEL_short
17,Embroidered Net Semi Stitched Anarkali Gown,Maroon,499,₹499,EXCEL_short
18,Solid Georgette Stitched Flared/A-line Gown,Blue,499,₹499,EXCEL_short
19,Embroidered Net Semi Stitched Anarkali Gown,Pink,499,₹499,EXCEL_short
20,Printed Crepe Stitched Anarkali Gown,Blue,284,₹284,EXCEL_short
21,Printed Crepe Stitched Anarkali Gown,Light Green,284,₹284,EXCEL_short
22,Georgette Stitched Flared/A-line Gown,Purple,499,₹499,EXCEL_short
23,Solid Georgette Stitched Flared/A-line Gown,Blue,499,₹499,EXCEL_short
24,Dyed Georgette Stitched Anarkali Gown,Blue,499,₹499,EXCEL_short
25,Embroidered Net Semi Stitched Anarkali Gown,Multicolor,436,₹436,EXCEL_short
26,Embroidered Net Semi Stitched Anarkali Gown,Multicolor,436,₹436,EXCEL_short
27,Printed Crepe Stitched Anarkali Gown,Light Green,297,₹297,EXCEL_short
28,Printed Crepe Stitched Anarkali Gown,Dark Blue,284,₹284,EXCEL_short
29,Net Semi Stitched Anarkali Gown,Yellow,499,₹499,EXCEL_short
30,Self Design Rayon Blend Stitched Anarkali Gown,Pink,649,₹649,EXCEL_short
31,Printed Georgette Stitched Anarkali Gown,Yellow,649,₹649,EXCEL_short
32,Dyed Georgette Stitched Anarkali Gown,Purple,499,₹499,EXCEL_short
33,Net Semi Stitched Anarkali Gown,Purple,674,₹674,EXCEL_short
34,Printed Crepe Stitched Anarkali Gown,Pink,297,₹297,EXCEL_short
35,Embroidered Silk Blend Semi Stitched Anarkali Gown,Maroon,579,₹579,EXCEL_short
36,Floral Print Rayon Blend Stitched Anarkali Gown,Pink,749,₹749,EXCEL_short
37,Floral Print Georgette Stitched Anarkali Gown,Blue,649,₹649,EXCEL_short
38,Dyed Georgette Stitched Anarkali Gown,Light Green,499,₹499,EXCEL_short
39,Printed Crepe Stitched Anarkali Gown,Maroon,284,₹284,EXCEL_short
40,"Embroidered, Embellished, Solid, Self Design, Dyed Orga...",Pink,399,₹399,EXCEL_short
41,Embroidered Organza Stitched Anarkali Gown,Pink,699,₹699,EXCEL_short
42,Solid Georgette Stitched Flared/A-line Gown,Maroon,499,₹499,EXCEL_short
43,Embroidered Net Semi Stitched Anarkali Gown,Multicolor,436,₹436,EXCEL_short
44,Embroidered Net Semi Stitched Flared/A-line Gown,Pink,499,₹499,EXCEL_short
45,Rayon Blend Stitched Anarkali Gown,Red,699,₹699,EXCEL_short
46,Embroidered Net Semi Stitched Anarkali Gown,Maroon,432,₹432,EXCEL_short
47,Georgette Stitched Flared/A-line Gown,Maroon,779,₹779,EXCEL_short
48,Dyed Georgette Stitched Flared/A-line Gown,Dark Green,499,₹499,EXCEL_short
49,Cotton Silk Stitched Flared/A-line Gown,Maroon,505,₹505,EXCEL_short
50,Embroidered Rayon Blend Stitched Anarkali Gown,Dark Blue,433,₹433,EXCEL_short
51,Applique Silk Blend Stitched Flared/A-line Gown,Red,399,₹399,EXCEL_short
52,Printed Crepe Stitched Anarkali Gown,Multicolor,284,₹284,EXCEL_short
53,Dyed Georgette Stitched Anarkali Gown,Black,499,₹499,EXCEL_short
54,Net Semi Stitched Anarkali Gown,Green,674,₹674,EXCEL_short
55,Printed Crepe Stitched Anarkali Gown,Pink,300,₹300,EXCEL_short
56,Floral Print Net Stitched Flared/A-line Gown,Light Blue,778,₹778,EXCEL_short
57,Floral Print Net Stitched Flared/A-line Gown,Pink,778,₹778,EXCEL_short
58,Printed Crepe Stitched Anarkali Gown,Multicolor,283,₹283,EXCEL_short
59,"Self Design, Embellished Net Semi Stitched Flared/A-lin...",Pink,499,₹499,EXCEL_short
60,Applique Silk Blend Stitched Flared/A-line Gown,Purple,399,₹399,EXCEL_short
61,Embroidered Net Semi Stitched Anarkali Gown,Multicolor,445,₹445,EXCEL_short
62,Printed Georgette Stitched Anarkali Gown,Light Blue,649,₹649,EXCEL_short
63,Solid Georgette Stitched Flared/A-line Gown,Green,599,₹599,EXCEL_short
64,Embroidered Net Semi Stitched Flared/A-line Gown,Maroon,499,₹499,EXCEL_short
65,Floral Print Rayon Blend Stitched Anarkali Gown,Dark Blue,799,₹799,EXCEL_short
66,Embroidered Net Semi Stitched Anarkali Gown,Pink,499,₹499,EXCEL_short
67,Printed Rayon Blend Stitched Anarkali Gown,Blue,739,₹739,EXCEL_short
68,Net Semi Stitched Anarkali Gown,Blue,499,₹499,EXCEL_short
69,Embroidered Net Semi Stitched Anarkali Gown,Green,499,₹499,EXCEL_short
70,Floral Print Rayon Blend Stitched Anarkali Gown,Light Green,699,₹699,EXCEL_short
71,Printed Crepe Stitched Anarkali Gown,Black,284,₹284,EXCEL_short
72,Printed Crepe Stitched Anarkali Gown,Light Green,300,₹300,EXCEL_short
73,"Self Design Georgette, Crepe Stitched Flared/A-line Gow...","Black, Grey",499,₹499,EXCEL_short
74,Embroidered Net Semi Stitched Anarkali Gown,Red,499,₹499,EXCEL_short
75,Printed Rayon Blend Stitched Anarkali Gown,Light Green,699,₹699,EXCEL_short
76,Floral Print Georgette Stitched Anarkali Gown,Pink,649,₹649,EXCEL_short
77,Net Semi Stitched Anarkali Gown,Green,499,₹499,EXCEL_short
78,Printed Crepe Stitched Anarkali Gown,Blue,284,₹284,EXCEL_short
79,Net Semi Stitched Anarkali Gown,Purple,719,₹719,EXCEL_short
80,Georgette Stitched Flared/A-line Gown,Brown,799,₹799,EXCEL_short
81,Applique Silk Blend Stitched Flared/A-line Gown,Red,399,₹399,EXCEL_short
82,Rayon Blend Stitched Flared/A-line Gown,Black,497,₹497,EXCEL_short
83,Polka Print Rayon Blend Stitched Flared/A-line Gown,Pink,444,₹444,EXCEL_short
84,Floral Print Rayon Blend Stitched Flared/A-line Gown,Black,399,₹399,EXCEL_short
85,Embroidered Net Semi Stitched Anarkali Gown,Multicolor,849,₹849,EXCEL_short
86,Applique Silk Blend Stitched Flared/A-line Gown,Purple,399,₹399,EXCEL_short
87,Georgette Stitched Flared/A-line Gown,Maroon,779,₹779,EXCEL_short
88,Embroidered Net Semi Stitched Anarkali Gown,Dark Green,445,₹445,EXCEL_short
89,Printed Crepe Stitched Anarkali Gown,Multicolor,284,₹284,EXCEL_short
90,Applique Silk Blend Stitched Flared/A-line Gown,Green,399,₹399,EXCEL_short
91,Polyester Stitched Flared/A-line Gown,Pink,439,₹439,EXCEL_short
92,Printed Georgette Stitched Anarkali Gown,Orange,649,₹649,EXCEL_short
93,Embroidered Net Semi Stitched Anarkali Gown,Light Blue,445,₹445,EXCEL_short
94,Printed Georgette Stitched Anarkali Gown,Yellow,816,₹816,EXCEL_short
95,Solid Georgette Stitched Flared/A-line Gown,Grey,499,₹499,EXCEL_short
96,Paisley Rayon Blend Stitched Anarkali Gown,Pink,699,₹699,EXCEL_short
97,Net Semi Stitched Anarkali Gown,Purple,499,₹499,EXCEL_short
98,Dyed Georgette Stitched Anarkali Gown,Red,499,₹499,EXCEL_short
99,Printed Viscose Rayon Stitched Anarkali Gown,Pink,649,₹649,EXCEL_short
100,Embroidered Net Semi Stitched Anarkali Gown,Light Green,445,₹445,EXCEL_short
101,Floral Print Georgette Stitched Anarkali Gown,Green,649,₹649,EXCEL_short
102,Self Design Net Stitched Flared/A-line Gown,Green,229,₹229,EXCEL_short
103,Printed Crepe Stitched Flared/A-line Gown,Pink,329,₹329,EXCEL_short
104,Printed Crepe Stitched Anarkali Gown,Maroon,284,₹284,EXCEL_short
105,Embroidered Net Stitched Flared/A-line Gown,Maroon,347,₹347,EXCEL_short
106,Cotton Silk Stitched Flared/A-line Gown,Blue,505,₹505,EXCEL_short
107,Printed Rayon Blend Stitched Anarkali Gown,Purple,726,₹726,EXCEL_short
108,Embellished Georgette Stitched Flared/A-line Gown,Black,980,₹980,EXCEL_short
109,Net Semi Stitched Anarkali Gown,Purple,799,₹799,EXCEL_short
110,Embroidered Net Semi Stitched Flared/A-line Gown,Grey,749,₹749,EXCEL_short
111,Embroidered Silk Blend Semi Stitched Anarkali Gown,Dark Blue,691,₹691,EXCEL_short
112,Self Design Net Semi Stitched Anarkali Gown,Maroon,584,₹584,EXCEL_short
113,Net Semi Stitched Anarkali Gown,Grey,699,₹699,EXCEL_short
114,Paisley Rayon Blend Stitched Anarkali Gown,Pink,699,₹699,EXCEL_short
115,Net Semi Stitched Anarkali Gown,Green,499,₹499,EXCEL_short
116,"Self Design, Embellished, Embroidered Net Semi Stitched...",Black,749,₹749,EXCEL_short
117,Printed Georgette Stitched Flared/A-line Gown,Multicolor,769,₹769,EXCEL_short
118,Geometric Print Pure Cotton Stitched Anarkali Gown,Yellow,199,₹199,EXCEL_short
119,Net Semi Stitched Anarkali Gown,Dark Blue,499,₹499,EXCEL_short
120,Georgette Stitched Flared/A-line Gown,Brown,799,₹799,EXCEL_short
121,Applique Silk Blend Stitched Flared/A-line Gown,Red,399,₹399,EXCEL_short
122,Printed Georgette Stitched Flared/A-line Gown,Multicolor,769,₹769,EXCEL_short
123,Geometric Print Pure Cotton Stitched Anarkali Gown,Yellow,199,₹199,EXCEL_short
124,"Self Design, Embellished, Embroidered Net Semi Stitched...",Black,749,₹749,EXCEL_short
125,Georgette Stitched Flared/A-line Gown,Multicolor,769,₹769,EXCEL_short
126,Applique Silk Blend Stitched Flared/A-line Gown,Purple,399,₹399,EXCEL_short
127,Georgette Stitched Flared/A-line Gown,Maroon,779,₹779,EXCEL_short
128,Printed Rayon Blend Stitched Flared/A-line Gown,Dark Blue,375,₹375,EXCEL_short
129,Rayon Blend Stitched Flared/A-line Gown,Green,380,₹380,EXCEL_short
130,Applique Silk Blend Stitched Flared/A-line Gown,Green,399,₹399,EXCEL_short
131,Embroidered Rayon Blend Stitched Anarkali Gown,Blue,398,₹398,EXCEL_short
132,Net Semi Stitched Anarkali Gown,Dark Blue,499,₹499,EXCEL_short
133,Embroidered Silk Blend Semi Stitched Anarkali Gown,Red,499,₹499,EXCEL_short
134,Printed Rayon Blend Stitched Straight Gown,Multicolor,843,₹843,EXCEL_short
135,Embroidered Silk Blend Semi Stitched Anarkali Gown,Blue,464,₹464,EXCEL_short
136,Solid Georgette Stitched Flared/A-line Gown,Grey,499,₹499,EXCEL_short
137,Embroidered Net Semi Stitched Anarkali Gown,Pink,399,₹399,EXCEL_short
138,Printed Rayon Blend Stitched Anarkali Gown,Maroon,474,₹474,EXCEL_short
139,Polka Print Rayon Blend Stitched Flared/A-line Gown,"Black, White",400,₹400,EXCEL_short
140,Printed Rayon Blend Stitched Anarkali Gown,Black,532,₹532,EXCEL_short
141,"Self Design, Embellished Net Semi Stitched Flared/A-lin...",Black,499,₹499,EXCEL_short
142,Embroidered Georgette Semi Stitched Anarkali Gown,Light Green,250,₹250,EXCEL_short
143,Georgette Stitched Flared/A-line Gown,Light Green,499,₹499,EXCEL_short
144,Printed Viscose Rayon Stitched Anarkali Gown,Green,474,₹474,EXCEL_short
145,Polyester Stitched Flared/A-line Gown,Black,459,₹459,EXCEL_short
146,Self Design Rayon Blend Stitched Anarkali Gown,"Dark Green, Gold, Red",769,₹769,EXCEL_short
147,Printed Crepe Stitched Anarkali Gown,Light Green,284,₹284,EXCEL_short
148,Rayon Blend Stitched Flared/A-line Gown,Green,597,₹597,EXCEL_short
149,Net Semi Stitched Flared/A-line Gown,Pink,495,₹495,EXCEL_short
150,Net Semi Stitched Anarkali Gown,Green,719,₹719,EXCEL_short
151,Embroidered Satin Semi Stitched Anarkali Gown,Dark Blue,399,₹399,EXCEL_short
152,Self Design Viscose Rayon Stitched Anarkali Gown,Pink,699,₹699,EXCEL_short
153,Solid Georgette Stitched Anarkali Gown,Purple,494,₹494,EXCEL_short
154,Self Design Cotton Rayon Stitched Anarkali Gown,Purple,705,₹705,EXCEL_short
155,Printed Georgette Stitched Anarkali Gown,"White, Blue",495,₹495,EXCEL_short
156,Floral Print Crepe Stitched Flared/A-line Gown,Orange,330,₹330,EXCEL_short
157,"Printed, Woven Pure Silk Stitched Flared/A-line Gown","White, Green",749,₹749,EXCEL_short
158,Paisley Rayon Blend Stitched Anarkali Gown,Pink,499,₹499,EXCEL_short
159,Georgette Stitched Anarkali Gown,Maroon,755,₹755,EXCEL_short
160,Georgette Stitched Flared/A-line Gown,Maroon,779,₹779,EXCEL_short
161,Georgette Stitched Flared/A-line Gown,Brown,799,₹799,EXCEL_short
162,Georgette Stitched Flared/A-line Gown,Pink,599,₹599,EXCEL_short
163,Printed Georgette Stitched Flared/A-line Gown,White,674,₹674,EXCEL_short
164,Embroidered Georgette Stitched Flared/A-line Gown,Purple,499,₹499,EXCEL_short
165,Self Design Cotton Rayon Stitched Anarkali Gown,Blue,563,₹563,EXCEL_short
166,Applique Silk Blend Stitched Flared/A-line Gown,Purple,399,₹399,EXCEL_short
167,Applique Silk Blend Stitched Flared/A-line Gown,Red,399,₹399,EXCEL_short
168,Embroidered Net Semi Stitched Anarkali Gown,Blue,329,₹329,EXCEL_short
169,Embroidered Net Semi Stitched Anarkali Gown,Maroon,699,₹699,EXCEL_short
170,Applique Silk Blend Stitched Flared/A-line Gown,Green,399,₹399,EXCEL_short
171,Solid Georgette Stitched Flared/A-line Gown,Purple,499,₹499,EXCEL_short
172,Printed Rayon Blend Stitched Anarkali Gown,Black,699,₹699,EXCEL_short
173,Embroidered Net Semi Stitched Flared/A-line Gown,Pink,499,₹499,EXCEL_short
174,Printed Rayon Blend Stitched Anarkali Gown,Yellow,444,₹444,EXCEL_short
175,Embroidered Rayon Blend Stitched Flared/A-line Gown,Blue,413,₹413,EXCEL_short
176,Printed Pure Cotton Stitched Flared/A-line Gown,"Pink, Green",499,₹499,EXCEL_short
177,Satin Stitched Flared/A-line Gown,"Light Blue, Gold",370,₹370,EXCEL_short
178,Printed Georgette Stitched Anarkali Gown,White,939,₹939,EXCEL_short
179,Printed Georgette Stitched Anarkali Gown,Pink,559,₹559,EXCEL_short
180,Floral Print Rayon Blend Stitched Flared/A-line Gown,White,909,₹909,EXCEL_short
181,Silk Blend Stitched Anarkali Gown,Purple,471,₹471,EXCEL_short
182,Printed Georgette Stitched Anarkali Gown,Brown,649,₹649,EXCEL_short
183,Embroidered Net Semi Stitched Anarkali Gown,Multicolor,429,₹429,EXCEL_short
184,Rayon Blend Stitched Anarkali Gown,Yellow,491,₹491,EXCEL_short
185,Embroidered Georgette Semi Stitched Anarkali Gown,Blue,649,₹649,EXCEL_short
186,Georgette Stitched Flared/A-line Gown,Grey,639,₹639,EXCEL_short
187,Embroidered Satin Semi Stitched Anarkali Gown,Purple,332,₹332,EXCEL_short
188,"Embroidered, Self Design, Solid, Embellished, Applique ...","Grey, Black",479,₹479,EXCEL_short
189,Net Stitched Flared/A-line Gown,Blue,262,₹262,EXCEL_short
190,Art Silk Semi Stitched Flared/A-line Gown,Blue,499,₹499,EXCEL_short
191,Solid Georgette Stitched Anarkali Gown,Pink,519,₹519,EXCEL_short
192,Printed Cotton Blend Stitched Flared/A-line Gown,"Yellow, Pink",499,₹499,EXCEL_short
193,Embroidered Georgette Stitched Flared/A-line Gown,Purple,999,₹999,EXCEL_short
194,Floral Print Georgette Stitched Anarkali Gown,Pink,792,₹792,EXCEL_short
195,Printed Georgette Stitched Anarkali Gown,Maroon,649,₹649,EXCEL_short
196,Embroidered Net Semi Stitched Anarkali Gown,Blue,678,₹678,EXCEL_short
197,Georgette Stitched Anarkali Gown,Pink,799,₹799,EXCEL_short
198,Embroidered Silk Blend Semi Stitched Anarkali Gown,Green,499,₹499,EXCEL_short
199,Embroidered Georgette Stitched Anarkali Gown,"Orange, Maroon",424,₹424,EXCEL_short
200,"Embroidered, Embellished, Solid, Self Design, Dyed Orga...",Pink,399,₹399,EXCEL_short
201,Embroidered Net Semi Stitched Anarkali Gown,Maroon,432,₹432,EXCEL_short
202,Solid Georgette Stitched Flared/A-line Gown,Black,499,₹499,EXCEL_short
203,Embroidered Satin Semi Stitched Anarkali Gown,Grey,369,₹369,EXCEL_short
204,Net Semi Stitched Anarkali Gown,Pink,399,₹399,EXCEL_short
205,Floral Print Rayon Blend Stitched Flared/A-line Gown,White,390,₹390,EXCEL_short
206,Embroidered Organza Stitched Anarkali Gown,Pink,699,₹699,EXCEL_short
207,Georgette Stitched Flared/A-line Gown,Maroon,779,₹779,EXCEL_short
208,"Printed, Floral Print Rayon Blend Stitched Flared/A-lin...",Black,445,₹445,EXCEL_short
209,Embroidered Viscose Rayon Stitched Anarkali Gown,Pink,599,₹599,EXCEL_short
210,Embroidered Rayon Blend Stitched Anarkali Gown,Dark Blue,433,₹433,EXCEL_short
211,Floral Print Net Stitched Flared/A-line Gown,Light Blue,778,₹778,EXCEL_short
212,Silk Blend Stitched Anarkali Gown,Purple,471,₹471,EXCEL_short
213,Self Design Satin Stitched Flared/A-line Gown,Black,370,₹370,EXCEL_short
214,Georgette Stitched Anarkali Gown,Black,848,₹848,EXCEL_short
215,Printed Rayon Blend Stitched Anarkali Gown,Purple,444,₹444,EXCEL_short
216,Applique Silk Blend Stitched Flared/A-line Gown,Red,399,₹399,EXCEL_short
217,Floral Print Net Stitched Flared/A-line Gown,Pink,778,₹778,EXCEL_short
218,Printed Viscose Rayon Stitched Anarkali Gown,Light Blue,447,₹447,EXCEL_short
219,Rayon Blend Stitched Anarkali Gown,Maroon,494,₹494,EXCEL_short
220,Applique Silk Blend Stitched Flared/A-line Gown,Purple,399,₹399,EXCEL_short
221,Rayon Blend Stitched Anarkali Gown,Pink,337,₹337,EXCEL_short
222,Embroidered Georgette Stitched Flared/A-line Gown,Dark Green,939,₹939,EXCEL_short
223,Abstract Cotton Blend Semi Stitched Flared/A-line Gown,"White, Black",299,₹299,EXCEL_short
224,Self Design Cotton Rayon Stitched Anarkali Gown,Green,705,₹705,EXCEL_short
225,Self Design Rayon Blend Stitched Anarkali Gown,Light Blue,399,₹399,EXCEL_short
226,Pure Cotton Stitched Anarkali Gown,"Blue, White",599,₹599,EXCEL_short
227,Printed Rayon Blend Stitched Anarkali Gown,Blue,386,₹386,EXCEL_short
228,Georgette Stitched Anarkali Gown,Silver,799,₹799,EXCEL_short
229,"Embroidered, Printed Rayon Blend Stitched Flared/A-line...",Dark Green,419,₹419,EXCEL_short
230,Embellished Rayon Blend Stitched Anarkali Gown,Red,499,₹499,EXCEL_short
231,Rayon Blend Stitched Flared/A-line Gown,Yellow,438,₹438,EXCEL_short
232,Net Semi Stitched Anarkali Gown,Purple,625,₹625,EXCEL_short
233,Printed Georgette Stitched Anarkali Gown,Black,649,₹649,EXCEL_short
234,Printed Georgette Stitched Anarkali Gown,Blue,649,₹649,EXCEL_short
235,Printed Rayon Blend Semi Stitched Flared/A-line Gown,Blue,379,₹379,EXCEL_short
236,Printed Rayon Blend Stitched Anarkali Gown,White,368,₹368,EXCEL_short
237,Rayon Blend Stitched Anarkali Gown,Light Blue,495,₹495,EXCEL_short
238,Printed Rayon Blend Stitched Flared/A-line Gown,Yellow,449,₹449,EXCEL_short
239,Printed Cotton Blend Stitched Flared/A-line Gown,Multicolor,449,₹449,EXCEL_short
