,FABRIC NAME,COLOR OF DRESS,PRICE,URL
0,Floral Print Crepe Stitched Anarkali Gown,Blue,₹314,https://www.flipkart.com/lanya-fab-anarkali-gown/p/itm9f55259c889cb?pid=GWNGPHT3A77VNZDE&lid=LSTGWNGPHT3A77VNZDEVHA2PW&marketplace=FLIPKART&q=gowns&store=clo%2Fodx%2Fod7&srno=s_1_1&otracker=search&otracker1=search&fm=organic&iid=en_G0TnPvXCA8t531vVBqWVsMmJB3Vfnx6uJihuCMZcYAzrS02D9BeS4Sxy83UFcuHyI8wZTaBRbvv8QscTDi7byQ%3D%3D&ppt=None&ppn=None&ssid=p6pcpi993k0000001684673309651&qH=2f1038825bd73a92
1,Floral Print Crepe Stitched Anarkali Gown,Light Blue,₹349,https://www.flipkart.com/lanya-fab-anarkali-gown/p/itmf67f5bef21f3b?pid=GWNGPHT3FG3HBPUS&lid=LSTGWNGPHT3FG3HBPUSGFSZFS&marketplace=FLIPKART&q=gowns&store=clo%2Fodx%2Fod7&srno=s_1_2&otracker=search&otracker1=search&fm=organic&iid=en_G0TnPvXCA8t531vVBqWVsMmJB3Vfnx6uJihuCMZcYAxwSGk5RvYpg74EcH2EKIUWqt3xekPvjQpUO38AQBvjdw%3D%3D&ppt=None&ppn=None&ssid=p6pcpi993k0000001684673309651&qH=2f1038825bd73a92
2,Printed Crepe Stitched Anarkali Gown,Beige,₹298,https://www.flipkart.com/ne-style-anarkali-gown/p/itm7a60d5a1a8c55?pid=GWNGBG8NCTQA9ZZC&lid=LSTGWNGBG8NCTQA9ZZCWEZL0H&marketplace=FLIPKART&q=gowns&store=clo%2Fodx%2Fod7&srno=s_1_3&otracker=search&otracker1=search&fm=organic&iid=1406752a-6901-46b5-8406-90452f03e920.GWNGBG8NCTQA9ZZC.SEARCH&ppt=None&ppn=None&ssid=p6pcpi993k0000001684673309651&qH=2f1038825bd73a92
3,Printed Crepe Stitched Anarkali Gown,Beige,₹298,https://www.flipkart.com/ne-style-anarkali-gown/p/itm73092888d9254?pid=GWNGBP3Y3FFHDNMZ&lid=LSTGWNGBP3Y3FFHDNMZWMHL1T&marketplace=FLIPKART&q=gowns&store=clo%2Fodx%2Fod7&srno=s_1_4&otracker=search&otracker1=search&fm=organic&iid=1406752a-6901-46b5-8406-90452f03e920.GWNGBP3Y3FFHDNMZ.SEARCH&ppt=None&ppn=None&ssid=p6pcpi993k0000001684673309651&qH=2f1038825bd73a92
4,Printed Crepe Stitched Anarkali Gown,Beige,₹298,https://www.flipkart.com/ne-style-anarkali-gown/p/itm8e0604b8a4f80?pid=GWNGBP3YN43JCZDB&lid=LSTGWNGBP3YN43JCZDBB8CLCX&marketplace=FLIPKART&q=gowns&store=clo%2Fodx%2Fod7&srno=s_1_5&otracker=search&otracker1=search&fm=organic&iid=1406752a-6901-46b5-8406-90452f03e920.GWNGBP3YN43JCZDB.SEARCH&ppt=None&ppn=None&ssid=p6pcpi993k0000001684673309651&qH=2f1038825bd73a92
5,Printed Rayon Blend Stitched Anarkali Gown,Yellow,₹441,https://www.flipkart.com/annsh-apparel-anarkali-gown/p/itmc3a89e5ebdbb9?pid=GWNGDJKTYFZZXMUV&lid=LSTGWNGDJKTYFZZXMUVVAH41O&marketplace=FLIPKART&q=gowns&store=clo%2Fodx%2Fod7&srno=s_1_6&otracker=search&otracker1=search&fm=organic&iid=1406752a-6901-46b5-8406-90452f03e920.GWNGDJKTYFZZXMUV.SEARCH&ppt=None&ppn=None&ssid=p6pcpi993k0000001684673309651&qH=2f1038825bd73a92
6,Printed Crepe Stitched Anarkali Gown,Beige,₹298,https://www.flipkart.com/ne-style-anarkali-gown/p/itm87cb795652090?pid=GWNGBP3YYGPSVPVY&lid=LSTGWNGBP3YYGPSVPVYQMQ3HD&marketplace=FLIPKART&q=gowns&store=clo%2Fodx%2Fod7&srno=s_1_7&otracker=search&otracker1=search&fm=organic&iid=1406752a-6901-46b5-8406-90452f03e920.GWNGBP3YYGPSVPVY.SEARCH&ppt=None&ppn=None&ssid=p6pcpi993k0000001684673309651&qH=2f1038825bd73a92
7,Viscose Rayon Stitched Anarkali Gown,Dark Green,₹411,https://www.flipkart.com/gurmeet-fashion-anarkali-gown/p/itm5fabe917b8b23?pid=GWNGK36EEKY6BYAV&lid=LSTGWNGK36EEKY6BYAVR5RG5R&marketplace=FLIPKART&q=gowns&store=clo%2Fodx%2Fod7&srno=s_1_8&otracker=search&otracker1=search&fm=organic&iid=en_G0TnPvXCA8t531vVBqWVsMmJB3Vfnx6uJihuCMZcYAwDly97LHVUoJsPCI3%2F9bM%2BWm8sMsUDz7yqKzNtz6Xxwg%3D%3D&ppt=None&ppn=None&ssid=p6pcpi993k0000001684673309651&qH=2f1038825bd73a92
8,Printed Crepe Stitched Anarkali Gown,Light Green,₹300,https://www.flipkart.com/ne-style-anarkali-gown/p/itm47ddfd4c2c257?pid=GWNGBG8PYDPVCHH9&lid=LSTGWNGBG8PYDPVCHH9K9EWUC&marketplace=FLIPKART&q=gowns&store=clo%2Fodx%2Fod7&srno=s_1_9&otracker=search&otracker1=search&fm=organic&iid=1406752a-6901-46b5-8406-90452f03e920.GWNGBG8PYDPVCHH9.SEARCH&ppt=None&ppn=None&ssid=p6pcpi993k0000001684673309651&qH=2f1038825bd73a92
9,Printed Crepe Stitched Anarkali Gown,Light Green,₹284,https://www.flipkart.com/ne-style-anarkali-gown/p/itmd1710726519d5?pid=GWNGBG8PWYTZERWH&lid=LSTGWNGBG8PWYTZERWHACDWLN&marketplace=FLIPKART&q=gowns&store=clo%2Fodx%2Fod7&srno=s_1_10&otracker=search&otracker1=search&fm=organic&iid=1406752a-6901-46b5-8406-90452f03e920.GWNGBG8PWYTZERWH.SEARCH&ppt=None&ppn=None&ssid=p6pcpi993k0000001684673309651&qH=2f1038825bd73a92
10,Printed Crepe Stitched Anarkali Gown,Dark Blue,₹298,https://www.flipkart.com/ne-style-anarkali-gown/p/itm340b399e080a6?pid=GWNGBG8HNAGCHK2H&lid=LSTGWNGBG8HNAGCHK2HBVKN4X&marketplace=FLIPKART&q=gowns&store=clo%2Fodx%2Fod7&srno=s_1_11&otracker=search&otracker1=search&fm=organic&iid=1406752a-6901-46b5-8406-90452f03e920.GWNGBG8HNAGCHK2H.SEARCH&ppt=None&ppn=None&ssid=p6pcpi993k0000001684673309651&qH=2f1038825bd73a92
11,Printed Crepe Stitched Anarkali Gown,Blue,₹284,https://www.flipkart.com/ne-style-anarkali-gown/p/itm167c547e2abdc?pid=GWNGBG8MYXG7X3YU&lid=LSTGWNGBG8MYXG7X3YUWQMW0A&marketplace=FLIPKART&q=gowns&store=clo%2Fodx%2Fod7&srno=s_1_12&otracker=search&otracker1=search&fm=organic&iid=1406752a-6901-46b5-8406-90452f03e920.GWNGBG8MYXG7X3YU.SEARCH&ppt=None&ppn=None&ssid=p6pcpi993k0000001684673309651&qH=2f1038825bd73a92
12,Solid Georgette Stitched Flared/A-line Gown,Blue,₹499,https://www.flipkart.com/femvy-flared-a-line-gown/p/itm0f9102ea29835?pid=GWNG3N62ZGWUCK7G&lid=LSTGWNG3N62ZGWUCK7GTQBLH5&marketplace=FLIPKART&q=gowns&store=clo%2Fodx%2Fod7&srno=s_1_13&otracker=search&otracker1=search&fm=organic&iid=1406752a-6901-46b5-8406-90452f03e920.GWNG3N62ZGWUCK7G.SEARCH&ppt=None&ppn=None&ssid=p6pcpi993k0000001684673309651&qH=2f1038825bd73a92
13,Embroidered Net Semi Stitched Anarkali Gown,Multicolor,₹436,https://www.flipkart.com/lookzilla-anarkali-gown/p/itmbf887e41bf025?pid=GWNGGG7THVFHUWPZ&lid=LSTGWNGGG7THVFHUWPZH55TUB&marketplace=FLIPKART&q=gowns&store=clo%2Fodx%2Fod7&srno=s_1_14&otracker=search&otracker1=search&fm=organic&iid=1406752a-6901-46b5-8406-90452f03e920.GWNGGG7THVFHUWPZ.SEARCH&ppt=None&ppn=None&ssid=p6pcpi993k0000001684673309651&qH=2f1038825bd73a92
14,Printed Crepe Stitched Anarkali Gown,Pink,₹297,https://www.flipkart.com/ne-style-anarkali-gown/p/itm96e9f6db7f68f?pid=GWNGBG8PMMCHF7ZQ&lid=LSTGWNGBG8PMMCHF7ZQXZ9MPP&marketplace=FLIPKART&q=gowns&store=clo%2Fodx%2Fod7&srno=s_1_15&otracker=search&otracker1=search&fm=organic&iid=1406752a-6901-46b5-8406-90452f03e920.GWNGBG8PMMCHF7ZQ.SEARCH&ppt=None&ppn=None&ssid=p6pcpi993k0000001684673309651&qH=2f1038825bd73a92
15,Cotton Silk Stitched Flared/A-line Gown,Maroon,₹505,https://www.flipkart.com/leriya-fashion-flared-a-line-gown/p/itm54816a7806bed?pid=GWNGA2BGUZUMJDN8&lid=LSTGWNGA2BGUZUMJDN8REZVNW&marketplace=FLIPKART&q=gowns&store=clo%2Fodx%2Fod7&srno=s_1_16&otracker=search&otracker1=search&fm=organic&iid=1406752a-6901-46b5-8406-90452f03e920.GWNGA2BGUZUMJDN8.SEARCH&ppt=None&ppn=None&ssid=p6pcpi993k0000001684673309651&qH=2f1038825bd73a92
16,Solid Georgette Stitched Flared/A-line Gown,Blue,₹499,https://www.flipkart.com/femvy-flared-a-line-gown/p/itmf2b6101bd0a26?pid=GWNG3N62CREY5ZFH&lid=LSTGWNG3N62CREY5ZFHLQPX1F&marketplace=FLIPKART&q=gowns&store=clo%2Fodx%2Fod7&srno=s_1_17&otracker=search&otracker1=search&fm=organic&iid=1406752a-6901-46b5-8406-90452f03e920.GWNG3N62CREY5ZFH.SEARCH&ppt=None&ppn=None&ssid=p6pcpi993k0000001684673309651&qH=2f1038825bd73a92
17,Paisley Rayon Blend Stitched Anarkali Gown,Pink,₹649,https://www.flipkart.com/ftdiva-anarkali-gown/p/itma19e7735dbc2d?pid=GWNFWPGFHDR3JSVT&lid=LSTGWNFWPGFHDR3JSVTJTXQAH&marketplace=FLIPKART&q=gowns&store=clo%2Fodx%2Fod7&srno=s_1_18&otracker=search&otracker1=search&fm=organic&iid=1406752a-6901-46b5-8406-90452f03e920.GWNFWPGFHDR3JSVT.SEARCH&ppt=None&ppn=None&ssid=p6pcpi993k0000001684673309651&qH=2f1038825bd73a92
18,Net Semi Stitched Anarkali Gown,Yellow,₹499,https://www.flipkart.com/zinariya-fab-anarkali-gown/p/itmabfcad55eaab9?pid=GWNG3TXZM2UZJQEJ&lid=LSTGWNG3TXZM2UZJQEJGXNYAE&marketplace=FLIPKART&q=gowns&store=clo%2Fodx%2Fod7&srno=s_1_19&otracker=search&otracker1=search&fm=organic&iid=1406752a-6901-46b5-8406-90452f03e920.GWNG3TXZM2UZJQEJ.SEARCH&ppt=None&ppn=None&ssid=p6pcpi993k0000001684673309651&qH=2f1038825bd73a92
19,Embroidered Net Semi Stitched Anarkali Gown,Multicolor,₹436,https://www.flipkart.com/lookzilla-anarkali-gown/p/itm82dce6caeb051?pid=GWNGGG7T5P3XQFH3&lid=LSTGWNGGG7T5P3XQFH3FSKA7J&marketplace=FLIPKART&q=gowns&store=clo%2Fodx%2Fod7&srno=s_1_20&otracker=search&otracker1=search&fm=organic&iid=1406752a-6901-46b5-8406-90452f03e920.GWNGGG7T5P3XQFH3.SEARCH&ppt=None&ppn=None&ssid=p6pcpi993k0000001684673309651&qH=2f1038825bd73a92
20,Floral Print Rayon Blend Stitched Anarkali Gown,Pink,₹749,https://www.flipkart.com/ftdiva-anarkali-gown/p/itm82f7cbf02b4eb?pid=GWNGGGFUJFC83DSE&lid=LSTGWNGGGFUJFC83DSEUNYFB9&marketplace=FLIPKART&q=gowns&store=clo%2Fodx%2Fod7&srno=s_1_21&otracker=search&otracker1=search&fm=organic&iid=1406752a-6901-46b5-8406-90452f03e920.GWNGGGFUJFC83DSE.SEARCH&ppt=None&ppn=None&ssid=p6pcpi993k0000001684673309651&qH=2f1038825bd73a92
21,Net Semi Stitched Anarkali Gown,Green,₹499,https://www.flipkart.com/zinariya-fab-anarkali-gown/p/itmcb8b8b05a4719?pid=GWNG3VXZGGAH7XVY&lid=LSTGWNG3VXZGGAH7XVYQEKB6G&marketplace=FLIPKART&q=gowns&store=clo%2Fodx%2Fod7&srno=s_1_22&otracker=search&otracker1=search&fm=organic&iid=1406752a-6901-46b5-8406-90452f03e920.GWNG3VXZGGAH7XVY.SEARCH&ppt=None&ppn=None&ssid=p6pcpi993k0000001684673309651&qH=2f1038825bd73a92
22,Dyed Georgette Stitched Anarkali Gown,Red,₹499,https://www.flipkart.com/femvy-anarkali-gown/p/itmd725acf4661e0?pid=GWNGC5MXFFY27BV2&lid=LSTGWNGC5MXFFY27BV2ZPBRPZ&marketplace=FLIPKART&q=gowns&store=clo%2Fodx%2Fod7&srno=s_1_23&otracker=search&otracker1=search&fm=organic&iid=1406752a-6901-46b5-8406-90452f03e920.GWNGC5MXFFY27BV2.SEARCH&ppt=None&ppn=None&ssid=p6pcpi993k0000001684673309651&qH=2f1038825bd73a92
23,Embroidered Net Semi Stitched Anarkali Gown,Pink,₹499,https://www.flipkart.com/zinariya-fab-anarkali-gown/p/itmf865d095cef1a?pid=GWNG5GTHBCTUMRDU&lid=LSTGWNG5GTHBCTUMRDUSL9E7M&marketplace=FLIPKART&q=gowns&store=clo%2Fodx%2Fod7&srno=s_1_24&otracker=search&otracker1=search&fm=organic&iid=1406752a-6901-46b5-8406-90452f03e920.GWNG5GTHBCTUMRDU.SEARCH&ppt=None&ppn=None&ssid=p6pcpi993k0000001684673309651&qH=2f1038825bd73a92
24,Embroidered Net Semi Stitched Anarkali Gown,White,₹499,https://www.flipkart.com/smart-shop-anarkali-gown/p/itmcd81a2848c498?pid=GWNEWFYPQC24KYKJ&lid=LSTGWNEWFYPQC24KYKJFCWAJX&marketplace=FLIPKART&q=gowns&store=clo%2Fodx%2Fod7&srno=s_1_25&otracker=search&otracker1=search&fm=organic&iid=1406752a-6901-46b5-8406-90452f03e920.GWNEWFYPQC24KYKJ.SEARCH&ppt=None&ppn=None&ssid=p6pcpi993k0000001684673309651&qH=2f1038825bd73a92
25,Embroidered Net Semi Stitched Anarkali Gown,Multicolor,₹445,https://www.flipkart.com/lookslink-anarkali-gown/p/itme9869562ccc18?pid=GWNGGTQYH65RTA6G&lid=LSTGWNGGTQYH65RTA6GMQRC1D&marketplace=FLIPKART&q=gowns&store=clo%2Fodx%2Fod7&srno=s_1_26&otracker=search&otracker1=search&fm=organic&iid=1406752a-6901-46b5-8406-90452f03e920.GWNGGTQYH65RTA6G.SEARCH&ppt=None&ppn=None&ssid=p6pcpi993k0000001684673309651&qH=2f1038825bd73a92
26,Printed Crepe Stitched Anarkali Gown,Dark Blue,₹284,https://www.flipkart.com/ne-style-anarkali-gown/p/itm5969970776bc6?pid=GWNGBG8HDVQKZ3YF&lid=LSTGWNGBG8HDVQKZ3YFPWRWJ1&marketplace=FLIPKART&q=gowns&store=clo%2Fodx%2Fod7&srno=s_1_27&otracker=search&otracker1=search&fm=organic&iid=1406752a-6901-46b5-8406-90452f03e920.GWNGBG8HDVQKZ3YF.SEARCH&ppt=None&ppn=None&ssid=p6pcpi993k0000001684673309651&qH=2f1038825bd73a92
27,Printed Crepe Stitched Anarkali Gown,Black,₹284,https://www.flipkart.com/ne-style-anarkali-gown/p/itmbaf2c7d35e67a?pid=GWNGBG8KSGHVED6G&lid=LSTGWNGBG8KSGHVED6G7GS2BT&marketplace=FLIPKART&q=gowns&store=clo%2Fodx%2Fod7&srno=s_1_28&otracker=search&otracker1=search&fm=organic&iid=1406752a-6901-46b5-8406-90452f03e920.GWNGBG8KSGHVED6G.SEARCH&ppt=None&ppn=None&ssid=p6pcpi993k0000001684673309651&qH=2f1038825bd73a92
28,Georgette Stitched Anarkali Gown,Dark Blue,₹649,https://www.flipkart.com/fashion2wear-anarkali-gown/p/itmb47f287f3df8e?pid=GWNGHNHDDGNBKZNG&lid=LSTGWNGHNHDDGNBKZNG8CWB6P&marketplace=FLIPKART&q=gowns&store=clo%2Fodx%2Fod7&srno=s_1_29&otracker=search&otracker1=search&fm=organic&iid=1406752a-6901-46b5-8406-90452f03e920.GWNGHNHDDGNBKZNG.SEARCH&ppt=None&ppn=None&ssid=p6pcpi993k0000001684673309651&qH=2f1038825bd73a92
29,Dyed Georgette Stitched Anarkali Gown,Blue,₹499,https://www.flipkart.com/femvy-anarkali-gown/p/itm76db193b2d243?pid=GWNGC5MXHHDBTJSF&lid=LSTGWNGC5MXHHDBTJSFHDZVOB&marketplace=FLIPKART&q=gowns&store=clo%2Fodx%2Fod7&srno=s_1_30&otracker=search&otracker1=search&fm=organic&iid=1406752a-6901-46b5-8406-90452f03e920.GWNGC5MXHHDBTJSF.SEARCH&ppt=None&ppn=None&ssid=p6pcpi993k0000001684673309651&qH=2f1038825bd73a92
30,Printed Crepe Stitched Anarkali Gown,Pink,₹284,https://www.flipkart.com/ne-style-anarkali-gown/p/itm1a15b278d80fa?pid=GWNGBG8P3EPZA4PR&lid=LSTGWNGBG8P3EPZA4PRS1FEEY&marketplace=FLIPKART&q=gowns&store=clo%2Fodx%2Fod7&srno=s_1_31&otracker=search&otracker1=search&fm=organic&iid=1406752a-6901-46b5-8406-90452f03e920.GWNGBG8P3EPZA4PR.SEARCH&ppt=None&ppn=None&ssid=p6pcpi993k0000001684673309651&qH=2f1038825bd73a92
31,Solid Georgette Stitched Flared/A-line Gown,Black,₹499,https://www.flipkart.com/femvy-flared-a-line-gown/p/itmc1cc83ca893ec?pid=GWNG3N62RYDK2YZK&lid=LSTGWNG3N62RYDK2YZKB4OEEQ&marketplace=FLIPKART&q=gowns&store=clo%2Fodx%2Fod7&srno=s_1_32&otracker=search&otracker1=search&fm=organic&iid=1406752a-6901-46b5-8406-90452f03e920.GWNG3N62RYDK2YZK.SEARCH&ppt=None&ppn=None&ssid=p6pcpi993k0000001684673309651&qH=2f1038825bd73a92
32,Floral Print Rayon Blend Stitched Flared/A-line Gown,Pink,₹399,https://www.flipkart.com/ftdiva-flared-a-line-gown/p/itm24b2095e7085d?pid=GWNG5RU64ZKNNRPF&lid=LSTGWNG5RU64ZKNNRPFMC6R18&marketplace=FLIPKART&q=gowns&store=clo%2Fodx%2Fod7&srno=s_1_33&otracker=search&otracker1=search&fm=organic&iid=1406752a-6901-46b5-8406-90452f03e920.GWNG5RU64ZKNNRPF.SEARCH&ppt=None&ppn=None&ssid=p6pcpi993k0000001684673309651&qH=2f1038825bd73a92
33,Printed Crepe Stitched Anarkali Gown,Dark Blue,₹298,https://www.flipkart.com/ne-style-anarkali-gown/p/itm0ed68678133d7?pid=GWNGBG8HKNYHEF7D&lid=LSTGWNGBG8HKNYHEF7DPH6BYX&marketplace=FLIPKART&q=gowns&store=clo%2Fodx%2Fod7&srno=s_1_34&otracker=search&otracker1=search&fm=organic&iid=1406752a-6901-46b5-8406-90452f03e920.GWNGBG8HKNYHEF7D.SEARCH&ppt=None&ppn=None&ssid=p6pcpi993k0000001684673309651&qH=2f1038825bd73a92
34,Embroidered Net Semi Stitched Anarkali Gown,Dark Green,₹445,https://www.flipkart.com/lookslink-anarkali-gown/p/itm5daaa05db5ed1?pid=GWNGGTQYZBVQFHBN&lid=LSTGWNGGTQYZBVQFHBNO6XY5G&marketplace=FLIPKART&q=gowns&store=clo%2Fodx%2Fod7&srno=s_1_35&otracker=search&otracker1=search&fm=organic&iid=1406752a-6901-46b5-8406-90452f03e920.GWNGGTQYZBVQFHBN.SEARCH&ppt=None&ppn=None&ssid=p6pcpi993k0000001684673309651&qH=2f1038825bd73a92
35,Net Semi Stitched Anarkali Gown,Light Blue,₹499,https://www.flipkart.com/zinariya-fab-anarkali-gown/p/itm5cee751e7fa82?pid=GWNG3VXQXVVSNXSN&lid=LSTGWNG3VXQXVVSNXSNJ1UNJJ&marketplace=FLIPKART&q=gowns&store=clo%2Fodx%2Fod7&srno=s_1_36&otracker=search&otracker1=search&fm=organic&iid=1406752a-6901-46b5-8406-90452f03e920.GWNG3VXQXVVSNXSN.SEARCH&ppt=None&ppn=None&ssid=p6pcpi993k0000001684673309651&qH=2f1038825bd73a92
36,Embroidered Net Semi Stitched Anarkali Gown,Pink,₹499,https://www.flipkart.com/zinariya-fab-anarkali-gown/p/itmbdabe0ea9b901?pid=GWNGGRAZCRBAP7FB&lid=LSTGWNGGRAZCRBAP7FBK9GRFY&marketplace=FLIPKART&q=gowns&store=clo%2Fodx%2Fod7&srno=s_1_37&otracker=search&otracker1=search&fm=organic&iid=1406752a-6901-46b5-8406-90452f03e920.GWNGGRAZCRBAP7FB.SEARCH&ppt=None&ppn=None&ssid=p6pcpi993k0000001684673309651&qH=2f1038825bd73a92
37,Solid Georgette Stitched Flared/A-line Gown,Maroon,₹499,https://www.flipkart.com/femvy-flared-a-line-gown/p/itmc9e53874b4393?pid=GWNG3N62MHCZMUWE&lid=LSTGWNG3N62MHCZMUWEYLKTPU&marketplace=FLIPKART&q=gowns&store=clo%2Fodx%2Fod7&srno=s_1_38&otracker=search&otracker1=search&fm=organic&iid=1406752a-6901-46b5-8406-90452f03e920.GWNG3N62MHCZMUWE.SEARCH&ppt=None&ppn=None&ssid=p6pcpi993k0000001684673309651&qH=2f1038825bd73a92
38,Printed Viscose Rayon Stitched Anarkali Gown,Maroon,₹664,https://www.flipkart.com/fidoza-anarkali-gown/p/itm90325a8626736?pid=GWNGNY4HHVPWUPNZ&lid=LSTGWNGNY4HHVPWUPNZZ7XPXJ&marketplace=FLIPKART&q=gowns&store=clo%2Fodx%2Fod7&srno=s_1_39&otracker=search&otracker1=search&fm=organic&iid=1406752a-6901-46b5-8406-90452f03e920.GWNGNY4HHVPWUPNZ.SEARCH&ppt=None&ppn=None&ssid=p6pcpi993k0000001684673309651&qH=2f1038825bd73a92
39,Printed Crepe Stitched Anarkali Gown,Light Green,₹297,https://www.flipkart.com/ne-style-anarkali-gown/p/itm4ea5b13932375?pid=GWNGBG8PDRZCBDKX&lid=LSTGWNGBG8PDRZCBDKX80WJKZ&marketplace=FLIPKART&q=gowns&store=clo%2Fodx%2Fod7&srno=s_1_40&otracker=search&otracker1=search&fm=organic&iid=1406752a-6901-46b5-8406-90452f03e920.GWNGBG8PDRZCBDKX.SEARCH&ppt=None&ppn=None&ssid=p6pcpi993k0000001684673309651&qH=2f1038825bd73a92
40,Floral Print Crepe Stitched Anarkali Gown,Blue,₹314,https://www.flipkart.com/lanya-fab-anarkali-gown/p/itm9f55259c889cb?pid=GWNGPHT3A77VNZDE&lid=LSTGWNGPHT3A77VNZDEVHA2PW&marketplace=FLIPKART&q=gowns&store=clo%2Fodx%2Fod7&srno=s_2_41&otracker=search&otracker1=search&fm=organic&iid=en_PjX%2F84GE7LGdLeUE5Nfdel%2BB6q0Ril0PciJjrRQGkTK9U9RZ9actg6bk%2B8gOlIt%2FI8wZTaBRbvv8QscTDi7byQ%3D%3D&ppt=None&ppn=None&ssid=ixvhugn1dc0000001684673310544&qH=2f1038825bd73a92
41,Floral Print Crepe Stitched Anarkali Gown,Light Blue,₹349,https://www.flipkart.com/lanya-fab-anarkali-gown/p/itmf67f5bef21f3b?pid=GWNGPHT3FG3HBPUS&lid=LSTGWNGPHT3FG3HBPUSGFSZFS&marketplace=FLIPKART&q=gowns&store=clo%2Fodx%2Fod7&srno=s_2_42&otracker=search&otracker1=search&fm=organic&iid=en_PjX%2F84GE7LGdLeUE5Nfdel%2BB6q0Ril0PciJjrRQGkTJtA5kgPPfo0wEFMaL82KFzqt3xekPvjQpUO38AQBvjdw%3D%3D&ppt=None&ppn=None&ssid=ixvhugn1dc0000001684673310544&qH=2f1038825bd73a92
42,Printed Crepe Stitched Anarkali Gown,Pink,₹300,https://www.flipkart.com/ne-style-anarkali-gown/p/itm1601328103648?pid=GWNGBG8PECFMR7FS&lid=LSTGWNGBG8PECFMR7FSAAGM16&marketplace=FLIPKART&q=gowns&store=clo%2Fodx%2Fod7&srno=s_2_43&otracker=search&otracker1=search&fm=organic&iid=a4fc9ad5-ed93-4bd8-b174-fea7caa7b198.GWNGBG8PECFMR7FS.SEARCH&ppt=None&ppn=None&ssid=ixvhugn1dc0000001684673310544&qH=2f1038825bd73a92
43,Printed Crepe Stitched Anarkali Gown,Light Green,₹300,https://www.flipkart.com/ne-style-anarkali-gown/p/itma2a0a6104020d?pid=GWNGBG8PGZVEW6KN&lid=LSTGWNGBG8PGZVEW6KNCODFFV&marketplace=FLIPKART&q=gowns&store=clo%2Fodx%2Fod7&srno=s_2_44&otracker=search&otracker1=search&fm=organic&iid=a4fc9ad5-ed93-4bd8-b174-fea7caa7b198.GWNGBG8PGZVEW6KN.SEARCH&ppt=None&ppn=None&ssid=ixvhugn1dc0000001684673310544&qH=2f1038825bd73a92
44,Embroidered Net Semi Stitched Anarkali Gown,Maroon,₹499,https://www.flipkart.com/zinariya-fab-anarkali-gown/p/itmd5d8d4fa56d26?pid=GWNGAHBUNYHZFFH5&lid=LSTGWNGAHBUNYHZFFH5UYSJNO&marketplace=FLIPKART&q=gowns&store=clo%2Fodx%2Fod7&srno=s_2_45&otracker=search&otracker1=search&fm=organic&iid=a4fc9ad5-ed93-4bd8-b174-fea7caa7b198.GWNGAHBUNYHZFFH5.SEARCH&ppt=None&ppn=None&ssid=ixvhugn1dc0000001684673310544&qH=2f1038825bd73a92
45,Printed Rayon Blend Stitched Anarkali Gown,Pink,₹749,https://www.flipkart.com/ftdiva-anarkali-gown/p/itmbf9e36845a903?pid=GWNG76RSRDSEKZXK&lid=LSTGWNG76RSRDSEKZXKHJGH8L&marketplace=FLIPKART&q=gowns&store=clo%2Fodx%2Fod7&spotlightTagId=TrendingId_clo%2Fodx%2Fod7&srno=s_2_46&otracker=search&otracker1=search&fm=organic&iid=a4fc9ad5-ed93-4bd8-b174-fea7caa7b198.GWNG76RSRDSEKZXK.SEARCH&ppt=None&ppn=None&ssid=ixvhugn1dc0000001684673310544&qH=2f1038825bd73a92
46,Embroidered Viscose Rayon Stitched Anarkali Gown,Black,₹411,https://www.flipkart.com/gurmeet-fashion-anarkali-gown/p/itmfd9a1ee1b81eb?pid=GWNGK36ENFHKGUMV&lid=LSTGWNGK36ENFHKGUMVT5CRTP&marketplace=FLIPKART&q=gowns&store=clo%2Fodx%2Fod7&srno=s_2_47&otracker=search&otracker1=search&fm=organic&iid=en_PjX%2F84GE7LGdLeUE5Nfdel%2BB6q0Ril0PciJjrRQGkTIhWpNhoCAN7p1l7nCxMFmjUfJDHlDTL5%2Ft2CEtQU%2FQdQ%3D%3D&ppt=None&ppn=None&ssid=ixvhugn1dc0000001684673310544&qH=2f1038825bd73a92
47,Embroidered Net Semi Stitched Flared/A-line Gown,Maroon,₹499,https://www.flipkart.com/skytara-flared-a-line-gown/p/itmf76334918a488?pid=GWNGHYFEANJ5U35S&lid=LSTGWNGHYFEANJ5U35SPUO2PS&marketplace=FLIPKART&q=gowns&store=clo%2Fodx%2Fod7&srno=s_2_48&otracker=search&otracker1=search&fm=organic&iid=a4fc9ad5-ed93-4bd8-b174-fea7caa7b198.GWNGHYFEANJ5U35S.SEARCH&ppt=None&ppn=None&ssid=ixvhugn1dc0000001684673310544&qH=2f1038825bd73a92
48,Printed Crepe Stitched Anarkali Gown,Black,₹284,https://www.flipkart.com/ne-style-anarkali-gown/p/itm6966d9267afcf?pid=GWNGBG8K2MMKEHWF&lid=LSTGWNGBG8K2MMKEHWFWHLGAK&marketplace=FLIPKART&q=gowns&store=clo%2Fodx%2Fod7&srno=s_2_49&otracker=search&otracker1=search&fm=organic&iid=a4fc9ad5-ed93-4bd8-b174-fea7caa7b198.GWNGBG8K2MMKEHWF.SEARCH&ppt=None&ppn=None&ssid=ixvhugn1dc0000001684673310544&qH=2f1038825bd73a92
49,Paisley Rayon Blend Stitched Anarkali Gown,Maroon,₹764,https://www.flipkart.com/ftdiva-anarkali-gown/p/itm4f9d4c9786251?pid=GWNGHS6ZY8F3YYZC&lid=LSTGWNGHS6ZY8F3YYZCHORSHJ&marketplace=FLIPKART&q=gowns&store=clo%2Fodx%2Fod7&srno=s_2_50&otracker=search&otracker1=search&fm=organic&iid=a4fc9ad5-ed93-4bd8-b174-fea7caa7b198.GWNGHS6ZY8F3YYZC.SEARCH&ppt=None&ppn=None&ssid=ixvhugn1dc0000001684673310544&qH=2f1038825bd73a92
50,Embroidered Net Semi Stitched Anarkali Gown,Pink,₹499,https://www.flipkart.com/femvy-anarkali-gown/p/itm5afca21910e0b?pid=GWNFPBMRW3UD3YHM&lid=LSTGWNFPBMRW3UD3YHMP5IF8P&marketplace=FLIPKART&q=gowns&store=clo%2Fodx%2Fod7&srno=s_2_51&otracker=search&otracker1=search&fm=organic&iid=a4fc9ad5-ed93-4bd8-b174-fea7caa7b198.GWNFPBMRW3UD3YHM.SEARCH&ppt=None&ppn=None&ssid=ixvhugn1dc0000001684673310544&qH=2f1038825bd73a92
51,Net Semi Stitched Anarkali Gown,Purple,₹719,https://www.flipkart.com/skytara-anarkali-gown/p/itm7df70a8168ad7?pid=GWNGBDYZWSGJQHJA&lid=LSTGWNGBDYZWSGJQHJAGDFLJC&marketplace=FLIPKART&q=gowns&store=clo%2Fodx%2Fod7&srno=s_2_52&otracker=search&otracker1=search&fm=organic&iid=a4fc9ad5-ed93-4bd8-b174-fea7caa7b198.GWNGBDYZWSGJQHJA.SEARCH&ppt=None&ppn=None&ssid=ixvhugn1dc0000001684673310544&qH=2f1038825bd73a92
52,Embroidered Net Semi Stitched Flared/A-line Gown,Pink,₹499,https://www.flipkart.com/skytara-flared-a-line-gown/p/itm9e5c32dea8e4e?pid=GWNGHYFDRQYGQ8HA&lid=LSTGWNGHYFDRQYGQ8HAYE2MCD&marketplace=FLIPKART&q=gowns&store=clo%2Fodx%2Fod7&srno=s_2_53&otracker=search&otracker1=search&fm=organic&iid=a4fc9ad5-ed93-4bd8-b174-fea7caa7b198.GWNGHYFDRQYGQ8HA.SEARCH&ppt=None&ppn=None&ssid=ixvhugn1dc0000001684673310544&qH=2f1038825bd73a92
53,Polyester Stitched Flared/A-line Gown,Pink,₹439,https://www.flipkart.com/aarya-designer-flared-a-line-gown/p/itm497716188f967?pid=GWNGCF74WUUF2NVK&lid=LSTGWNGCF74WUUF2NVKHJB68L&marketplace=FLIPKART&q=gowns&store=clo%2Fodx%2Fod7&srno=s_2_54&otracker=search&otracker1=search&fm=organic&iid=a4fc9ad5-ed93-4bd8-b174-fea7caa7b198.GWNGCF74WUUF2NVK.SEARCH&ppt=None&ppn=None&ssid=ixvhugn1dc0000001684673310544&qH=2f1038825bd73a92
54,Dyed Georgette Stitched Anarkali Gown,Black,₹499,https://www.flipkart.com/femvy-anarkali-gown/p/itm36342b1c7288d?pid=GWNGC5N8ZAH8ZGTG&lid=LSTGWNGC5N8ZAH8ZGTGGRMEN1&marketplace=FLIPKART&q=gowns&store=clo%2Fodx%2Fod7&srno=s_2_55&otracker=search&otracker1=search&fm=organic&iid=a4fc9ad5-ed93-4bd8-b174-fea7caa7b198.GWNGC5N8ZAH8ZGTG.SEARCH&ppt=None&ppn=None&ssid=ixvhugn1dc0000001684673310544&qH=2f1038825bd73a92
55,Solid Georgette Stitched Flared/A-line Gown,Light Green,₹599,https://www.flipkart.com/femvy-flared-a-line-gown/p/itm102f14cd9b9fa?pid=GWNG3N623ZGES6GQ&lid=LSTGWNG3N623ZGES6GQB9QWMQ&marketplace=FLIPKART&q=gowns&store=clo%2Fodx%2Fod7&srno=s_2_56&otracker=search&otracker1=search&fm=organic&iid=a4fc9ad5-ed93-4bd8-b174-fea7caa7b198.GWNG3N623ZGES6GQ.SEARCH&ppt=None&ppn=None&ssid=ixvhugn1dc0000001684673310544&qH=2f1038825bd73a92
56,Floral Print Rayon Blend Stitched Anarkali Gown,Dark Blue,₹799,https://www.flipkart.com/ftdiva-anarkali-gown/p/itma1f44f808d139?pid=GWNFZGJKWYKAWF89&lid=LSTGWNFZGJKWYKAWF89SI2DEK&marketplace=FLIPKART&q=gowns&store=clo%2Fodx%2Fod7&srno=s_2_57&otracker=search&otracker1=search&fm=organic&iid=a4fc9ad5-ed93-4bd8-b174-fea7caa7b198.GWNFZGJKWYKAWF89.SEARCH&ppt=None&ppn=None&ssid=ixvhugn1dc0000001684673310544&qH=2f1038825bd73a92
57,Net Semi Stitched Anarkali Gown,Green,₹674,https://www.flipkart.com/zinariya-fab-anarkali-gown/p/itmbddbbce3fd183?pid=GWNG9UHF4CNGHJNN&lid=LSTGWNG9UHF4CNGHJNNDVOTST&marketplace=FLIPKART&q=gowns&store=clo%2Fodx%2Fod7&srno=s_2_58&otracker=search&otracker1=search&fm=organic&iid=a4fc9ad5-ed93-4bd8-b174-fea7caa7b198.GWNG9UHF4CNGHJNN.SEARCH&ppt=None&ppn=None&ssid=ixvhugn1dc0000001684673310544&qH=2f1038825bd73a92
58,Floral Print Rayon Blend Stitched Anarkali Gown,Light Green,₹699,https://www.flipkart.com/ftdiva-anarkali-gown/p/itmacee69d205400?pid=GWNFSRF5PZKTMHSG&lid=LSTGWNFSRF5PZKTMHSGODZKEW&marketplace=FLIPKART&q=gowns&store=clo%2Fodx%2Fod7&srno=s_2_59&otracker=search&otracker1=search&fm=organic&iid=a4fc9ad5-ed93-4bd8-b174-fea7caa7b198.GWNFSRF5PZKTMHSG.SEARCH&ppt=None&ppn=None&ssid=ixvhugn1dc0000001684673310544&qH=2f1038825bd73a92
59,Printed Crepe Stitched Anarkali Gown,Multicolor,₹284,https://www.flipkart.com/ne-style-anarkali-gown/p/itm8e4b080325415?pid=GWNGBG8HKYXYYFUG&lid=LSTGWNGBG8HKYXYYFUGZNDUM9&marketplace=FLIPKART&q=gowns&store=clo%2Fodx%2Fod7&srno=s_2_60&otracker=search&otracker1=search&fm=organic&iid=a4fc9ad5-ed93-4bd8-b174-fea7caa7b198.GWNGBG8HKYXYYFUG.SEARCH&ppt=None&ppn=None&ssid=ixvhugn1dc0000001684673310544&qH=2f1038825bd73a92
60,Dyed Georgette Stitched Anarkali Gown,Purple,₹499,https://www.flipkart.com/femvy-anarkali-gown/p/itm6b5ccd57150df?pid=GWNGC5N7AVWQPMBK&lid=LSTGWNGC5N7AVWQPMBKZFNN4L&marketplace=FLIPKART&q=gowns&store=clo%2Fodx%2Fod7&srno=s_2_61&otracker=search&otracker1=search&fm=organic&iid=a4fc9ad5-ed93-4bd8-b174-fea7caa7b198.GWNGC5N7AVWQPMBK.SEARCH&ppt=None&ppn=None&ssid=ixvhugn1dc0000001684673310544&qH=2f1038825bd73a92
61,Embroidered Rayon Blend Stitched Flared/A-line Gown,Blue,₹699,https://www.flipkart.com/ftdiva-flared-a-line-gown/p/itm4ebe4eca45b33?pid=GWNGER6RSP5A336R&lid=LSTGWNGER6RSP5A336RMHZWNB&marketplace=FLIPKART&q=gowns&store=clo%2Fodx%2Fod7&srno=s_2_62&otracker=search&otracker1=search&fm=organic&iid=a4fc9ad5-ed93-4bd8-b174-fea7caa7b198.GWNGER6RSP5A336R.SEARCH&ppt=None&ppn=None&ssid=ixvhugn1dc0000001684673310544&qH=2f1038825bd73a92
62,Printed Crepe Stitched Anarkali Gown,Maroon,₹284,https://www.flipkart.com/ne-style-anarkali-gown/p/itm6b6ed7e3adeb2?pid=GWNGBG8MSPCKDKF9&lid=LSTGWNGBG8MSPCKDKF9GNWA3I&marketplace=FLIPKART&q=gowns&store=clo%2Fodx%2Fod7&srno=s_2_63&otracker=search&otracker1=search&fm=organic&iid=a4fc9ad5-ed93-4bd8-b174-fea7caa7b198.GWNGBG8MSPCKDKF9.SEARCH&ppt=None&ppn=None&ssid=ixvhugn1dc0000001684673310544&qH=2f1038825bd73a92
63,Rayon Blend Stitched Anarkali Gown,Red,₹699,https://www.flipkart.com/ftdiva-anarkali-gown/p/itm0889a9189e5d5?pid=GWNGDG9MPS3JMHFZ&lid=LSTGWNGDG9MPS3JMHFZB58SL0&marketplace=FLIPKART&q=gowns&store=clo%2Fodx%2Fod7&srno=s_2_64&otracker=search&otracker1=search&fm=organic&iid=a4fc9ad5-ed93-4bd8-b174-fea7caa7b198.GWNGDG9MPS3JMHFZ.SEARCH&ppt=None&ppn=None&ssid=ixvhugn1dc0000001684673310544&qH=2f1038825bd73a92
64,Embellished Georgette Stitched Anarkali Gown,Black,₹899,https://www.flipkart.com/royal-export-anarkali-gown/p/itm64e752b92572a?pid=GWNFNJ4XQRDWDH5M&lid=LSTGWNFNJ4XQRDWDH5MSNFVAK&marketplace=FLIPKART&q=gowns&store=clo%2Fodx%2Fod7&srno=s_2_65&otracker=search&otracker1=search&fm=organic&iid=a4fc9ad5-ed93-4bd8-b174-fea7caa7b198.GWNFNJ4XQRDWDH5M.SEARCH&ppt=None&ppn=None&ssid=ixvhugn1dc0000001684673310544&qH=2f1038825bd73a92
65,Net Semi Stitched Anarkali Gown,Grey,₹499,https://www.flipkart.com/zinariya-fab-anarkali-gown/p/itm298681adfbd83?pid=GWNG6GGYCRWSETSW&lid=LSTGWNG6GGYCRWSETSWN3AM6H&marketplace=FLIPKART&q=gowns&store=clo%2Fodx%2Fod7&srno=s_2_66&otracker=search&otracker1=search&fm=organic&iid=a4fc9ad5-ed93-4bd8-b174-fea7caa7b198.GWNG6GGYCRWSETSW.SEARCH&ppt=None&ppn=None&ssid=ixvhugn1dc0000001684673310544&qH=2f1038825bd73a92
66,Paisley Rayon Blend Stitched Anarkali Gown,Pink,₹699,https://www.flipkart.com/ftdiva-anarkali-gown/p/itm27e8f6db43dc4?pid=GWNG53HBPDEHRQEK&lid=LSTGWNG53HBPDEHRQEKJ5BDZX&marketplace=FLIPKART&q=gowns&store=clo%2Fodx%2Fod7&srno=s_2_67&otracker=search&otracker1=search&fm=organic&iid=a4fc9ad5-ed93-4bd8-b174-fea7caa7b198.GWNG53HBPDEHRQEK.SEARCH&ppt=None&ppn=None&ssid=ixvhugn1dc0000001684673310544&qH=2f1038825bd73a92
67,Printed Crepe Stitched Anarkali Gown,Multicolor,₹284,https://www.flipkart.com/ne-style-anarkali-gown/p/itm85ab2639197e3?pid=GWNGBG8HVDJZ3K3H&lid=LSTGWNGBG8HVDJZ3K3H7LKQSN&marketplace=FLIPKART&q=gowns&store=clo%2Fodx%2Fod7&srno=s_2_68&otracker=search&otracker1=search&fm=organic&iid=a4fc9ad5-ed93-4bd8-b174-fea7caa7b198.GWNGBG8HVDJZ3K3H.SEARCH&ppt=None&ppn=None&ssid=ixvhugn1dc0000001684673310544&qH=2f1038825bd73a92
68,Net Semi Stitched Anarkali Gown,Purple,₹674,https://www.flipkart.com/zinariya-fab-anarkali-gown/p/itm0fbfe95ce9014?pid=GWNGBKKXHHE2WTGQ&lid=LSTGWNGBKKXHHE2WTGQQ6VI4W&marketplace=FLIPKART&q=gowns&store=clo%2Fodx%2Fod7&srno=s_2_69&otracker=search&otracker1=search&fm=organic&iid=a4fc9ad5-ed93-4bd8-b174-fea7caa7b198.GWNGBKKXHHE2WTGQ.SEARCH&ppt=None&ppn=None&ssid=ixvhugn1dc0000001684673310544&qH=2f1038825bd73a92
69,Embroidered Net Semi Stitched Anarkali Gown,Purple,₹499,https://www.flipkart.com/zinariya-fab-anarkali-gown/p/itme7279298339c0?pid=GWNGGRBFVTV8FNPP&lid=LSTGWNGGRBFVTV8FNPPF2ITTF&marketplace=FLIPKART&q=gowns&store=clo%2Fodx%2Fod7&srno=s_2_70&otracker=search&otracker1=search&fm=organic&iid=a4fc9ad5-ed93-4bd8-b174-fea7caa7b198.GWNGGRBFVTV8FNPP.SEARCH&ppt=None&ppn=None&ssid=ixvhugn1dc0000001684673310544&qH=2f1038825bd73a92
70,Printed Georgette Stitched Anarkali Gown,Light Blue,₹649,https://www.flipkart.com/fashion2wear-anarkali-gown/p/itm0150e195af21e?pid=GWNGHNHDHKY6WECR&lid=LSTGWNGHNHDHKY6WECRNISONN&marketplace=FLIPKART&q=gowns&store=clo%2Fodx%2Fod7&srno=s_2_71&otracker=search&otracker1=search&fm=organic&iid=a4fc9ad5-ed93-4bd8-b174-fea7caa7b198.GWNGHNHDHKY6WECR.SEARCH&ppt=None&ppn=None&ssid=ixvhugn1dc0000001684673310544&qH=2f1038825bd73a92
71,Floral Print Rayon Blend Stitched Flared/A-line Gown,Black,₹399,https://www.flipkart.com/ftdiva-flared-a-line-gown/p/itm52448e63a7ae4?pid=GWNGCQRBJA775D7P&lid=LSTGWNGCQRBJA775D7PO34C1X&marketplace=FLIPKART&q=gowns&store=clo%2Fodx%2Fod7&srno=s_2_72&otracker=search&otracker1=search&fm=organic&iid=a4fc9ad5-ed93-4bd8-b174-fea7caa7b198.GWNGCQRBJA775D7P.SEARCH&ppt=None&ppn=None&ssid=ixvhugn1dc0000001684673310544&qH=2f1038825bd73a92
72,Printed Pure Cotton Stitched Flared/A-line Gown,Multicolor,₹448,https://www.flipkart.com/urbanera-flared-a-line-gown/p/itm83bc2ed6f06ed?pid=GWNGY4GYDTDZJE5F&lid=LSTGWNGY4GYDTDZJE5FIFBCO7&marketplace=FLIPKART&q=gowns&store=clo%2Fodx%2Fod7&srno=s_2_73&otracker=search&otracker1=search&fm=organic&iid=a4fc9ad5-ed93-4bd8-b174-fea7caa7b198.GWNGY4GYDTDZJE5F.SEARCH&ppt=None&ppn=None&ssid=ixvhugn1dc0000001684673310544&qH=2f1038825bd73a92
73,Embroidered Net Semi Stitched Anarkali Gown,Grey,₹680,https://www.flipkart.com/zinariya-fab-anarkali-gown/p/itmd8ce86aad9803?pid=GWNGHU24CRQRGDBF&lid=LSTGWNGHU24CRQRGDBFQAJ36N&marketplace=FLIPKART&q=gowns&store=clo%2Fodx%2Fod7&srno=s_2_74&otracker=search&otracker1=search&fm=organic&iid=a4fc9ad5-ed93-4bd8-b174-fea7caa7b198.GWNGHU24CRQRGDBF.SEARCH&ppt=None&ppn=None&ssid=ixvhugn1dc0000001684673310544&qH=2f1038825bd73a92
74,Georgette Stitched Flared/A-line Gown,Purple,₹499,https://www.flipkart.com/femvy-flared-a-line-gown/p/itm18fa65345eb43?pid=GWNGCDKFU9BSNHHK&lid=LSTGWNGCDKFU9BSNHHKMUYROT&marketplace=FLIPKART&q=gowns&store=clo%2Fodx%2Fod7&srno=s_2_75&otracker=search&otracker1=search&fm=organic&iid=a4fc9ad5-ed93-4bd8-b174-fea7caa7b198.GWNGCDKFU9BSNHHK.SEARCH&ppt=None&ppn=None&ssid=ixvhugn1dc0000001684673310544&qH=2f1038825bd73a92
75,Embroidered Net Semi Stitched Anarkali Gown,Multicolor,₹849,https://www.flipkart.com/lookslink-anarkali-gown/p/itmccf571b2f9018?pid=GWNGHYYHYACQYSHD&lid=LSTGWNGHYYHYACQYSHDXWWQJL&marketplace=FLIPKART&q=gowns&store=clo%2Fodx%2Fod7&srno=s_2_76&otracker=search&otracker1=search&fm=organic&iid=a4fc9ad5-ed93-4bd8-b174-fea7caa7b198.GWNGHYYHYACQYSHD.SEARCH&ppt=None&ppn=None&ssid=ixvhugn1dc0000001684673310544&qH=2f1038825bd73a92
76,Embroidered Net Semi Stitched Anarkali Gown,Pink,₹499,https://www.flipkart.com/zinariya-fab-anarkali-gown/p/itm1348d7fd0ebcd?pid=GWNGGRAXMREHHFHU&lid=LSTGWNGGRAXMREHHFHUEA6SN3&marketplace=FLIPKART&q=gowns&store=clo%2Fodx%2Fod7&srno=s_2_77&otracker=search&otracker1=search&fm=organic&iid=a4fc9ad5-ed93-4bd8-b174-fea7caa7b198.GWNGGRAXMREHHFHU.SEARCH&ppt=None&ppn=None&ssid=ixvhugn1dc0000001684673310544&qH=2f1038825bd73a92
77,Printed Crepe Stitched Anarkali Gown,Blue,₹284,https://www.flipkart.com/ne-style-anarkali-gown/p/itm0f5616a3d99a9?pid=GWNGBG8HYJWBRHTU&lid=LSTGWNGBG8HYJWBRHTURMDH3D&marketplace=FLIPKART&q=gowns&store=clo%2Fodx%2Fod7&srno=s_2_78&otracker=search&otracker1=search&fm=organic&iid=a4fc9ad5-ed93-4bd8-b174-fea7caa7b198.GWNGBG8HYJWBRHTU.SEARCH&ppt=None&ppn=None&ssid=ixvhugn1dc0000001684673310544&qH=2f1038825bd73a92
78,Printed Crepe Stitched Anarkali Gown,Beige,₹298,https://www.flipkart.com/ne-style-anarkali-gown/p/itm1c03c632bac55?pid=GWNGBP3YHFABGBKR&lid=LSTGWNGBP3YHFABGBKRMI3GVP&marketplace=FLIPKART&q=gowns&store=clo%2Fodx%2Fod7&srno=s_2_79&otracker=search&otracker1=search&fm=organic&iid=a4fc9ad5-ed93-4bd8-b174-fea7caa7b198.GWNGBP3YHFABGBKR.SEARCH&ppt=None&ppn=None&ssid=ixvhugn1dc0000001684673310544&qH=2f1038825bd73a92
79,Rayon Blend Stitched Flared/A-line Gown,Black,₹497,https://www.flipkart.com/fashion2wear-flared-a-line-gown/p/itme2254d068e315?pid=GWNFZNKCRNEBXHXM&lid=LSTGWNFZNKCRNEBXHXMFODWG2&marketplace=FLIPKART&q=gowns&store=clo%2Fodx%2Fod7&srno=s_2_80&otracker=search&otracker1=search&fm=organic&iid=a4fc9ad5-ed93-4bd8-b174-fea7caa7b198.GWNFZNKCRNEBXHXM.SEARCH&ppt=None&ppn=None&ssid=ixvhugn1dc0000001684673310544&qH=2f1038825bd73a92
80,Embroidered Organza Stitched Anarkali Gown,Pink,₹699,https://www.flipkart.com/kedar-fab-anarkali-gown/p/itmd258ff79f49a7?pid=GWNGZBJUGVADAP5F&lid=LSTGWNGZBJUGVADAP5FOTQS7A&marketplace=FLIPKART&q=gowns&store=clo%2Fodx%2Fod7&srno=s_3_81&otracker=search&otracker1=search&fm=organic&iid=en_GTq7C1DZ8MWPP7Wf5e4PRW9YP0GkeOweCaTZ6BWTafY%2F7E5CA4ezCJSWnWzdYTi493ta9liGoLw6PM6PaWi5gA%3D%3D&ppt=None&ppn=None&ssid=149ptbuplc0000001684673311170&qH=2f1038825bd73a92
81,"Embroidered, Self Design Silk Blend Semi Stitched Anark...","Maroon, Beige",₹475,https://www.flipkart.com/kedar-fab-anarkali-gown/p/itmc56051b485525?pid=GWNFKG8GSYWGF7VC&lid=LSTGWNFKG8GSYWGF7VCNALVCA&marketplace=FLIPKART&q=gowns&store=clo%2Fodx%2Fod7&srno=s_3_82&otracker=search&otracker1=search&fm=organic&iid=en_GTq7C1DZ8MWPP7Wf5e4PRW9YP0GkeOweCaTZ6BWTafZC01LoiamNoYoOZj%2B7cJxqMha1F0dlmBHNS28cVCKYgA%3D%3D&ppt=None&ppn=None&ssid=149ptbuplc0000001684673311170&qH=2f1038825bd73a92
82,Floral Print Rayon Blend Stitched Flared/A-line Gown,Pink,₹399,https://www.flipkart.com/ftdiva-flared-a-line-gown/p/itm24b2095e7085d?pid=GWNG5RU64ZKNNRPF&lid=LSTGWNG5RU64ZKNNRPFMC6R18&marketplace=FLIPKART&q=gowns&store=clo%2Fodx%2Fod7&srno=s_3_83&otracker=search&otracker1=search&fm=organic&iid=5e8820f9-27d7-4bc5-8c83-1874ccce513f.GWNG5RU64ZKNNRPF.SEARCH&ppt=None&ppn=None&ssid=149ptbuplc0000001684673311170&qH=2f1038825bd73a92
83,Embroidered Net Semi Stitched Flared/A-line Gown,Grey,₹799,https://www.flipkart.com/skytara-flared-a-line-gown/p/itmb2343fe854a8c?pid=GWNGHYFDCSQZZKUP&lid=LSTGWNGHYFDCSQZZKUPVMXIE8&marketplace=FLIPKART&q=gowns&store=clo%2Fodx%2Fod7&srno=s_3_84&otracker=search&otracker1=search&fm=organic&iid=5e8820f9-27d7-4bc5-8c83-1874ccce513f.GWNGHYFDCSQZZKUP.SEARCH&ppt=None&ppn=None&ssid=149ptbuplc0000001684673311170&qH=2f1038825bd73a92
84,Printed Crepe Stitched Anarkali Gown,Maroon,₹284,https://www.flipkart.com/ne-style-anarkali-gown/p/itm6b6ed7e3adeb2?pid=GWNGBG8MSPCKDKF9&lid=LSTGWNGBG8MSPCKDKF9GNWA3I&marketplace=FLIPKART&q=gowns&store=clo%2Fodx%2Fod7&srno=s_3_85&otracker=search&otracker1=search&fm=organic&iid=5e8820f9-27d7-4bc5-8c83-1874ccce513f.GWNGBG8MSPCKDKF9.SEARCH&ppt=None&ppn=None&ssid=149ptbuplc0000001684673311170&qH=2f1038825bd73a92
85,Polka Print Rayon Blend Stitched Flared/A-line Gown,Pink,₹444,https://www.flipkart.com/trend-me-flared-a-line-gown/p/itmc043f41fef3ac?pid=GWNGHBJKCQKJ3TY6&lid=LSTGWNGHBJKCQKJ3TY6PCMKRN&marketplace=FLIPKART&q=gowns&store=clo%2Fodx%2Fod7&srno=s_3_86&otracker=search&otracker1=search&fm=organic&iid=5e8820f9-27d7-4bc5-8c83-1874ccce513f.GWNGHBJKCQKJ3TY6.SEARCH&ppt=None&ppn=None&ssid=149ptbuplc0000001684673311170&qH=2f1038825bd73a92
86,Silk Blend Semi Stitched Anarkali Gown,Blue,₹492,https://www.flipkart.com/kedar-fab-anarkali-gown/p/itm40e37cb1fada4?pid=GWNFTD5XXQAMAUH6&lid=LSTGWNFTD5XXQAMAUH68YI2VW&marketplace=FLIPKART&q=gowns&store=clo%2Fodx%2Fod7&srno=s_3_87&otracker=search&otracker1=search&fm=organic&iid=en_GTq7C1DZ8MWPP7Wf5e4PRW9YP0GkeOweCaTZ6BWTafZGGrAM%2FCBaCLwFqJb4pRoJ2zrDUR5HejnH4nd3XpH28A%3D%3D&ppt=None&ppn=None&ssid=149ptbuplc0000001684673311170&qH=2f1038825bd73a92
87,Embroidered Silk Blend Semi Stitched Anarkali Gown,Red,₹471,https://www.flipkart.com/kedar-fab-anarkali-gown/p/itm24c761b4d9c1d?pid=GWNFZ5DHQFTHUTYA&lid=LSTGWNFZ5DHQFTHUTYAHQWLCV&marketplace=FLIPKART&q=gowns&store=clo%2Fodx%2Fod7&srno=s_3_88&otracker=search&otracker1=search&fm=organic&iid=en_GTq7C1DZ8MWPP7Wf5e4PRW9YP0GkeOweCaTZ6BWTafZJcUS5D3iASKwTa4xezJMS5y3W96iu243upjwZyscSVA%3D%3D&ppt=None&ppn=None&ssid=149ptbuplc0000001684673311170&qH=2f1038825bd73a92
88,Embroidered Net Semi Stitched Anarkali Gown,Light Blue,₹445,https://www.flipkart.com/lookslink-anarkali-gown/p/itm29812c7bbbe12?pid=GWNGGTQYKB88U2MF&lid=LSTGWNGGTQYKB88U2MFBAXNXA&marketplace=FLIPKART&q=gowns&store=clo%2Fodx%2Fod7&srno=s_3_89&otracker=search&otracker1=search&fm=organic&iid=5e8820f9-27d7-4bc5-8c83-1874ccce513f.GWNGGTQYKB88U2MF.SEARCH&ppt=None&ppn=None&ssid=149ptbuplc0000001684673311170&qH=2f1038825bd73a92
89,Net Semi Stitched Anarkali Gown,Green,₹674,https://www.flipkart.com/zinariya-fab-anarkali-gown/p/itmbddbbce3fd183?pid=GWNG9UHF4CNGHJNN&lid=LSTGWNG9UHF4CNGHJNNDVOTST&marketplace=FLIPKART&q=gowns&store=clo%2Fodx%2Fod7&srno=s_3_90&otracker=search&otracker1=search&fm=organic&iid=5e8820f9-27d7-4bc5-8c83-1874ccce513f.GWNG9UHF4CNGHJNN.SEARCH&ppt=None&ppn=None&ssid=149ptbuplc0000001684673311170&qH=2f1038825bd73a92
90,Embroidered Silk Blend Semi Stitched Anarkali Gown,Blue,₹499,https://www.flipkart.com/kedar-fab-anarkali-gown/p/itm49acf4cb19607?pid=GWNFW482WYNE64EN&lid=LSTGWNFW482WYNE64ENCFHHZ5&marketplace=FLIPKART&q=gowns&store=clo%2Fodx%2Fod7&srno=s_3_91&otracker=search&otracker1=search&fm=organic&iid=en_GTq7C1DZ8MWPP7Wf5e4PRW9YP0GkeOweCaTZ6BWTafZX9MPbM2JGQrh9cFb6CCvb%2FoD8%2B%2FZEdUo6AwB9aaQxXg%3D%3D&ppt=None&ppn=None&ssid=149ptbuplc0000001684673311170&qH=2f1038825bd73a92
91,Embroidered Silk Blend Semi Stitched Anarkali Gown,Pink,₹492,https://www.flipkart.com/kedar-fab-anarkali-gown/p/itm3750e06b1d549?pid=GWNF48YGBB2YZU5V&lid=LSTGWNF48YGBB2YZU5VDGAUQG&marketplace=FLIPKART&q=gowns&store=clo%2Fodx%2Fod7&srno=s_3_92&otracker=search&otracker1=search&fm=organic&iid=en_GTq7C1DZ8MWPP7Wf5e4PRW9YP0GkeOweCaTZ6BWTafZJXu5i2b0LrpX4Pf2Lcr0gcp31kHNhuK1k2qVtdNqG5Q%3D%3D&ppt=None&ppn=None&ssid=149ptbuplc0000001684673311170&qH=2f1038825bd73a92
92,Embroidered Net Semi Stitched Anarkali Gown,Green,₹499,https://www.flipkart.com/zinariya-fab-anarkali-gown/p/itm638e4b1d27c63?pid=GWNGAHCBZW97RYYR&lid=LSTGWNGAHCBZW97RYYRPJG1K0&marketplace=FLIPKART&q=gowns&store=clo%2Fodx%2Fod7&srno=s_3_93&otracker=search&otracker1=search&fm=organic&iid=5e8820f9-27d7-4bc5-8c83-1874ccce513f.GWNGAHCBZW97RYYR.SEARCH&ppt=None&ppn=None&ssid=149ptbuplc0000001684673311170&qH=2f1038825bd73a92
93,Embroidered Net Semi Stitched Anarkali Gown,Red,₹499,https://www.flipkart.com/zinariya-fab-anarkali-gown/p/itm1ae9edfa2ee52?pid=GWNGAYXTTSFHQSTD&lid=LSTGWNGAYXTTSFHQSTDGPZSWW&marketplace=FLIPKART&q=gowns&store=clo%2Fodx%2Fod7&srno=s_3_94&otracker=search&otracker1=search&fm=organic&iid=5e8820f9-27d7-4bc5-8c83-1874ccce513f.GWNGAYXTTSFHQSTD.SEARCH&ppt=None&ppn=None&ssid=149ptbuplc0000001684673311170&qH=2f1038825bd73a92
94,Printed Crepe Stitched Flared/A-line Gown,Pink,₹329,https://www.flipkart.com/rahul-flared-a-line-gown/p/itmad1abf96c8ea2?pid=GWNFH5P4E39ME4M6&lid=LSTGWNFH5P4E39ME4M6WDXI1U&marketplace=FLIPKART&q=gowns&store=clo%2Fodx%2Fod7&srno=s_3_95&otracker=search&otracker1=search&fm=organic&iid=5e8820f9-27d7-4bc5-8c83-1874ccce513f.GWNFH5P4E39ME4M6.SEARCH&ppt=None&ppn=None&ssid=149ptbuplc0000001684673311170&qH=2f1038825bd73a92
95,Printed Georgette Stitched Flared/A-line Gown,Multicolor,₹769,https://www.flipkart.com/rudraaksha-flared-a-line-gown/p/itme925c0a1a02e3?pid=GWNGAAZTW2PFPSQ8&lid=LSTGWNGAAZTW2PFPSQ8QVMQSR&marketplace=FLIPKART&q=gowns&store=clo%2Fodx%2Fod7&srno=s_3_96&otracker=search&otracker1=search&fm=organic&iid=5e8820f9-27d7-4bc5-8c83-1874ccce513f.GWNGAAZTW2PFPSQ8.SEARCH&ppt=None&ppn=None&ssid=149ptbuplc0000001684673311170&qH=2f1038825bd73a92
96,Embroidered Silk Blend Stitched Anarkali Gown,Maroon,₹799,https://www.flipkart.com/kedar-fab-anarkali-gown/p/itmd3d82f27a22de?pid=GWNGCA3PF6HUAA9E&lid=LSTGWNGCA3PF6HUAA9EIFFEUJ&marketplace=FLIPKART&q=gowns&store=clo%2Fodx%2Fod7&srno=s_3_97&otracker=search&otracker1=search&fm=organic&iid=en_GTq7C1DZ8MWPP7Wf5e4PRW9YP0GkeOweCaTZ6BWTafYB5sNT13Y%2BLFCTgnJo%2FFS%2BlWxRq8Trt2zOXdu%2BilyBqA%3D%3D&ppt=None&ppn=None&ssid=149ptbuplc0000001684673311170&qH=2f1038825bd73a92
97,Embroidered Silk Blend Semi Stitched Anarkali Gown,Blue,₹464,https://www.flipkart.com/kedar-fab-anarkali-gown/p/itme9dcd44dd27e9?pid=GWNFVPSVFGKQYVMX&lid=LSTGWNFVPSVFGKQYVMXMNMOH1&marketplace=FLIPKART&q=gowns&store=clo%2Fodx%2Fod7&srno=s_3_98&otracker=search&otracker1=search&fm=organic&iid=en_GTq7C1DZ8MWPP7Wf5e4PRW9YP0GkeOweCaTZ6BWTafZtFdGVjkU5Yz%2BDRTJ%2BPoyL5PJ%2FpUT4gUjy93vFfFZCQQ%3D%3D&ppt=None&ppn=None&ssid=149ptbuplc0000001684673311170&qH=2f1038825bd73a92
98,Embroidered Silk Blend Semi Stitched Anarkali Gown,Light Blue,₹699,https://www.flipkart.com/kedar-fab-anarkali-gown/p/itm59c3b02292ba6?pid=GWNFTTMXHNZYGAY9&lid=LSTGWNFTTMXHNZYGAY9IDSTYE&marketplace=FLIPKART&q=gowns&store=clo%2Fodx%2Fod7&srno=s_3_99&otracker=search&otracker1=search&fm=organic&iid=5e8820f9-27d7-4bc5-8c83-1874ccce513f.GWNFTTMXHNZYGAY9.SEARCH&ppt=None&ppn=None&ssid=149ptbuplc0000001684673311170&qH=2f1038825bd73a92
99,Embroidered Net Semi Stitched Flared/A-line Gown,Grey,₹749,https://www.flipkart.com/zinariya-fab-flared-a-line-gown/p/itmbc5ea23ba0dd3?pid=GWNG9FRTPZUFJEZA&lid=LSTGWNG9FRTPZUFJEZANQHKCU&marketplace=FLIPKART&q=gowns&store=clo%2Fodx%2Fod7&srno=s_3_100&otracker=search&otracker1=search&fm=organic&iid=5e8820f9-27d7-4bc5-8c83-1874ccce513f.GWNG9FRTPZUFJEZA.SEARCH&ppt=None&ppn=None&ssid=149ptbuplc0000001684673311170&qH=2f1038825bd73a92
100,Embroidered Silk Blend Semi Stitched Anarkali Gown,Pink,₹492,https://www.flipkart.com/kedar-fab-anarkali-gown/p/itmcf42fcd1e2123?pid=GWNFVRQNSNBDRZDT&lid=LSTGWNFVRQNSNBDRZDTBEWFTE&marketplace=FLIPKART&q=gowns&store=clo%2Fodx%2Fod7&srno=s_3_101&otracker=search&otracker1=search&fm=organic&iid=en_GTq7C1DZ8MWPP7Wf5e4PRW9YP0GkeOweCaTZ6BWTafbQydzBDu6JVm4iEi%2BO4dizKRLCUYJ4WiM59rOsjtsPkQ%3D%3D&ppt=None&ppn=None&ssid=149ptbuplc0000001684673311170&qH=2f1038825bd73a92
101,Floral Print Crepe Stitched Anarkali Gown,Blue,₹314,https://www.flipkart.com/lanya-fab-anarkali-gown/p/itm9f55259c889cb?pid=GWNGPHT3A77VNZDE&lid=LSTGWNGPHT3A77VNZDEVHA2PW&marketplace=FLIPKART&q=gowns&store=clo%2Fodx%2Fod7&srno=s_3_102&otracker=search&otracker1=search&fm=organic&iid=en_GTq7C1DZ8MWPP7Wf5e4PRW9YP0GkeOweCaTZ6BWTafYq8nU8boklFBvKMQ43zWyM4e0m0s2JtxbteJy70ordug%3D%3D&ppt=None&ppn=None&ssid=149ptbuplc0000001684673311170&qH=2f1038825bd73a92
102,Embroidered Silk Blend Semi Stitched Anarkali Gown,Red,₹499,https://www.flipkart.com/kedar-fab-anarkali-gown/p/itme5b0a775d4c46?pid=GWNFW482FBW36BEQ&lid=LSTGWNFW482FBW36BEQMLHFZ8&marketplace=FLIPKART&q=gowns&store=clo%2Fodx%2Fod7&srno=s_3_103&otracker=search&otracker1=search&fm=organic&iid=5e8820f9-27d7-4bc5-8c83-1874ccce513f.GWNFW482FBW36BEQ.SEARCH&ppt=None&ppn=None&ssid=149ptbuplc0000001684673311170&qH=2f1038825bd73a92
103,Dyed Georgette Stitched Anarkali Gown,Grey,₹499,https://www.flipkart.com/femvy-anarkali-gown/p/itm58e887a3144f3?pid=GWNGC5N8F2QYRY2A&lid=LSTGWNGC5N8F2QYRY2AYIAFVO&marketplace=FLIPKART&q=gowns&store=clo%2Fodx%2Fod7&srno=s_3_104&otracker=search&otracker1=search&fm=organic&iid=5e8820f9-27d7-4bc5-8c83-1874ccce513f.GWNGC5N8F2QYRY2A.SEARCH&ppt=None&ppn=None&ssid=149ptbuplc0000001684673311170&qH=2f1038825bd73a92
104,Printed Crepe Stitched Anarkali Gown,Multicolor,₹306,https://www.flipkart.com/ne-style-anarkali-gown/p/itm3d0a717c6f0f0?pid=GWNGBG8MVRN3HSWA&lid=LSTGWNGBG8MVRN3HSWAOOMHA2&marketplace=FLIPKART&q=gowns&store=clo%2Fodx%2Fod7&srno=s_3_105&otracker=search&otracker1=search&fm=organic&iid=5e8820f9-27d7-4bc5-8c83-1874ccce513f.GWNGBG8MVRN3HSWA.SEARCH&ppt=None&ppn=None&ssid=149ptbuplc0000001684673311170&qH=2f1038825bd73a92
105,Net Semi Stitched Anarkali Gown,Purple,₹674,https://www.flipkart.com/zinariya-fab-anarkali-gown/p/itm3f7ec434023be?pid=GWNG9UHEB8BWWSCG&lid=LSTGWNG9UHEB8BWWSCGBB7OAY&marketplace=FLIPKART&q=gowns&store=clo%2Fodx%2Fod7&srno=s_3_106&otracker=search&otracker1=search&fm=organic&iid=5e8820f9-27d7-4bc5-8c83-1874ccce513f.GWNG9UHEB8BWWSCG.SEARCH&ppt=None&ppn=None&ssid=149ptbuplc0000001684673311170&qH=2f1038825bd73a92
106,Embroidered Viscose Rayon Stitched Anarkali Gown,Black,₹411,https://www.flipkart.com/gurmeet-fashion-anarkali-gown/p/itmfd9a1ee1b81eb?pid=GWNGK36ENFHKGUMV&lid=LSTGWNGK36ENFHKGUMVT5CRTP&marketplace=FLIPKART&q=gowns&store=clo%2Fodx%2Fod7&srno=s_3_107&otracker=search&otracker1=search&fm=organic&iid=en_GTq7C1DZ8MWPP7Wf5e4PRW9YP0GkeOweCaTZ6BWTafbn6WNrHpmKR4%2FOk%2FUzRMZocgv3Wrn5PiwWfXyp4q8pww%3D%3D&ppt=None&ppn=None&ssid=149ptbuplc0000001684673311170&qH=2f1038825bd73a92
107,Floral Print Georgette Stitched Flared/A-line Gown,Black,"₹1,249",https://www.flipkart.com/flaunt-flared-a-line-gown/p/itmba2647f7b069c?pid=GWNGKZYYGKBVWRSY&lid=LSTGWNGKZYYGKBVWRSYPLIFS7&marketplace=FLIPKART&q=gowns&store=clo%2Fodx%2Fod7&srno=s_3_108&otracker=search&otracker1=search&fm=organic&iid=en_GTq7C1DZ8MWPP7Wf5e4PRW9YP0GkeOweCaTZ6BWTafad6GIbAn1FJsGqlb7Z50susqdyGNxikfTtTl2L3kljjQ%3D%3D&ppt=None&ppn=None&ssid=149ptbuplc0000001684673311170&qH=2f1038825bd73a92
108,Printed Viscose Rayon Stitched Anarkali Gown,Pink,₹649,https://www.flipkart.com/ftdiva-anarkali-gown/p/itmda167838e564c?pid=GWNFZSWJYCZFNHGX&lid=LSTGWNFZSWJYCZFNHGXU2R6QH&marketplace=FLIPKART&q=gowns&store=clo%2Fodx%2Fod7&srno=s_3_109&otracker=search&otracker1=search&fm=organic&iid=5e8820f9-27d7-4bc5-8c83-1874ccce513f.GWNFZSWJYCZFNHGX.SEARCH&ppt=None&ppn=None&ssid=149ptbuplc0000001684673311170&qH=2f1038825bd73a92
109,Printed Rayon Blend Stitched Anarkali Gown,Blue,₹739,https://www.flipkart.com/ftdiva-anarkali-gown/p/itm20efd729467e5?pid=GWNG4G3V6ZYUB9HA&lid=LSTGWNG4G3V6ZYUB9HAERORBR&marketplace=FLIPKART&q=gowns&store=clo%2Fodx%2Fod7&srno=s_3_110&otracker=search&otracker1=search&fm=organic&iid=5e8820f9-27d7-4bc5-8c83-1874ccce513f.GWNG4G3V6ZYUB9HA.SEARCH&ppt=None&ppn=None&ssid=149ptbuplc0000001684673311170&qH=2f1038825bd73a92
110,Floral Print Georgette Stitched Flared/A-line Gown,Maroon,"₹1,249",https://www.flipkart.com/flaunt-flared-a-line-gown/p/itm7372f376e5441?pid=GWNGKZYYTQMA6ZQK&lid=LSTGWNGKZYYTQMA6ZQK3YPBIJ&marketplace=FLIPKART&q=gowns&store=clo%2Fodx%2Fod7&srno=s_3_111&otracker=search&otracker1=search&fm=organic&iid=en_GTq7C1DZ8MWPP7Wf5e4PRW9YP0GkeOweCaTZ6BWTafYKs0gSWMpOhldu0E5ANTZgSzrtRNIg8Ovvu7oz7Wp%2F4w%3D%3D&ppt=None&ppn=None&ssid=149ptbuplc0000001684673311170&qH=2f1038825bd73a92
111,Dyed Georgette Stitched Flared/A-line Gown,"White, Blue",₹739,https://www.flipkart.com/vaani-creation-flared-a-line-gown/p/itmea8a511856c49?pid=GWNG343YAAZYZQU6&lid=LSTGWNG343YAAZYZQU6GIOCEM&marketplace=FLIPKART&q=gowns&store=clo%2Fodx%2Fod7&srno=s_3_112&otracker=search&otracker1=search&fm=organic&iid=5e8820f9-27d7-4bc5-8c83-1874ccce513f.GWNG343YAAZYZQU6.SEARCH&ppt=None&ppn=None&ssid=149ptbuplc0000001684673311170&qH=2f1038825bd73a92
112,Net Semi Stitched Anarkali Gown,Green,₹719,https://www.flipkart.com/skytara-anarkali-gown/p/itm9136b132b632d?pid=GWNGBDYZWQN6UTZJ&lid=LSTGWNGBDYZWQN6UTZJVA4D9A&marketplace=FLIPKART&q=gowns&store=clo%2Fodx%2Fod7&srno=s_3_113&otracker=search&otracker1=search&fm=organic&iid=5e8820f9-27d7-4bc5-8c83-1874ccce513f.GWNGBDYZWQN6UTZJ.SEARCH&ppt=None&ppn=None&ssid=149ptbuplc0000001684673311170&qH=2f1038825bd73a92
113,Net Semi Stitched Anarkali Gown,Dark Blue,₹499,https://www.flipkart.com/zinariya-fab-anarkali-gown/p/itm8776abc9e93a2?pid=GWNG4PVBEPKSSUVW&lid=LSTGWNG4PVBEPKSSUVWIUBFW8&marketplace=FLIPKART&q=gowns&store=clo%2Fodx%2Fod7&srno=s_3_114&otracker=search&otracker1=search&fm=organic&iid=5e8820f9-27d7-4bc5-8c83-1874ccce513f.GWNG4PVBEPKSSUVW.SEARCH&ppt=None&ppn=None&ssid=149ptbuplc0000001684673311170&qH=2f1038825bd73a92
114,Net Semi Stitched Anarkali Gown,Purple,₹674,https://www.flipkart.com/zinariya-fab-anarkali-gown/p/itm0fbfe95ce9014?pid=GWNGBKKXHHE2WTGQ&lid=LSTGWNGBKKXHHE2WTGQQ6VI4W&marketplace=FLIPKART&q=gowns&store=clo%2Fodx%2Fod7&srno=s_3_115&otracker=search&otracker1=search&fm=organic&iid=5e8820f9-27d7-4bc5-8c83-1874ccce513f.GWNGBKKXHHE2WTGQ.SEARCH&ppt=None&ppn=None&ssid=149ptbuplc0000001684673311170&qH=2f1038825bd73a92
115,Self Design Net Stitched Flared/A-line Gown,Green,"₹1,294",https://www.flipkart.com/vaani-creation-flared-a-line-gown/p/itmc18d94d991491?pid=GWNGDMXJWPFAWYGR&lid=LSTGWNGDMXJWPFAWYGRKMFTWV&marketplace=FLIPKART&q=gowns&store=clo%2Fodx%2Fod7&srno=s_3_116&otracker=search&otracker1=search&fm=organic&iid=5e8820f9-27d7-4bc5-8c83-1874ccce513f.GWNGDMXJWPFAWYGR.SEARCH&ppt=None&ppn=None&ssid=149ptbuplc0000001684673311170&qH=2f1038825bd73a92
116,Paisley Rayon Blend Stitched Anarkali Gown,Maroon,₹764,https://www.flipkart.com/ftdiva-anarkali-gown/p/itm4f9d4c9786251?pid=GWNGHS6ZY8F3YYZC&lid=LSTGWNGHS6ZY8F3YYZCHORSHJ&marketplace=FLIPKART&q=gowns&store=clo%2Fodx%2Fod7&srno=s_3_117&otracker=search&otracker1=search&fm=organic&iid=5e8820f9-27d7-4bc5-8c83-1874ccce513f.GWNGHS6ZY8F3YYZC.SEARCH&ppt=None&ppn=None&ssid=149ptbuplc0000001684673311170&qH=2f1038825bd73a92
117,Floral Print Georgette Stitched Anarkali Gown,Green,₹649,https://www.flipkart.com/fashion2wear-anarkali-gown/p/itm6c75e42a1c7e3?pid=GWNGFEGS7W9RR85W&lid=LSTGWNGFEGS7W9RR85WG8O2SX&marketplace=FLIPKART&q=gowns&store=clo%2Fodx%2Fod7&spotlightTagId=TrendingId_clo%2Fodx%2Fod7&srno=s_3_118&otracker=search&otracker1=search&fm=organic&iid=5e8820f9-27d7-4bc5-8c83-1874ccce513f.GWNGFEGS7W9RR85W.SEARCH&ppt=None&ppn=None&ssid=149ptbuplc0000001684673311170&qH=2f1038825bd73a92
118,Paisley Rayon Blend Stitched Anarkali Gown,Pink,₹699,https://www.flipkart.com/ftdiva-anarkali-gown/p/itm6bcc78ab2f594?pid=GWNFNAGSHJHHNCWY&lid=LSTGWNFNAGSHJHHNCWYQWW0IV&marketplace=FLIPKART&q=gowns&store=clo%2Fodx%2Fod7&srno=s_3_119&otracker=search&otracker1=search&fm=organic&iid=5e8820f9-27d7-4bc5-8c83-1874ccce513f.GWNFNAGSHJHHNCWY.SEARCH&ppt=None&ppn=None&ssid=149ptbuplc0000001684673311170&qH=2f1038825bd73a92
119,Printed Georgette Stitched Anarkali Gown,Yellow,₹816,https://www.flipkart.com/fashion2wear-anarkali-gown/p/itmd784eae32911e?pid=GWNGJVZMWPGZASF8&lid=LSTGWNGJVZMWPGZASF8IIVQXJ&marketplace=FLIPKART&q=gowns&store=clo%2Fodx%2Fod7&srno=s_3_120&otracker=search&otracker1=search&fm=organic&iid=5e8820f9-27d7-4bc5-8c83-1874ccce513f.GWNGJVZMWPGZASF8.SEARCH&ppt=None&ppn=None&ssid=149ptbuplc0000001684673311170&qH=2f1038825bd73a92
120,Embroidered Organza Stitched Anarkali Gown,Pink,₹699,https://www.flipkart.com/kedar-fab-anarkali-gown/p/itmd258ff79f49a7?pid=GWNGZBJUGVADAP5F&lid=LSTGWNGZBJUGVADAP5FOTQS7A&marketplace=FLIPKART&q=gowns&store=clo%2Fodx%2Fod7&srno=s_4_121&otracker=search&otracker1=search&fm=organic&iid=en_kdUdbXdpBy5QvhEnfKfvK0JvuM%2F61H0byNPXGAYcBNpbr8kxsKOd18UI0FRPxxus93ta9liGoLw6PM6PaWi5gA%3D%3D&ppt=None&ppn=None&ssid=moirkp01y80000001684673311803&qH=2f1038825bd73a92
121,Embroidered Silk Blend Semi Stitched Anarkali Gown,Red,₹471,https://www.flipkart.com/kedar-fab-anarkali-gown/p/itm24c761b4d9c1d?pid=GWNFZ5DHQFTHUTYA&lid=LSTGWNFZ5DHQFTHUTYAHQWLCV&marketplace=FLIPKART&q=gowns&store=clo%2Fodx%2Fod7&srno=s_4_122&otracker=search&otracker1=search&fm=organic&iid=en_kdUdbXdpBy5QvhEnfKfvK0JvuM%2F61H0byNPXGAYcBNp6TJn3BgLznNzoX7URgX7m5y3W96iu243upjwZyscSVA%3D%3D&ppt=None&ppn=None&ssid=moirkp01y80000001684673311803&qH=2f1038825bd73a92
122,Net Semi Stitched Anarkali Gown,Blue,₹499,https://www.flipkart.com/zinariya-fab-anarkali-gown/p/itm08d50bc412b82?pid=GWNG6GGYYYT7WUSZ&lid=LSTGWNG6GGYYYT7WUSZ2YSJ5C&marketplace=FLIPKART&q=gowns&store=clo%2Fodx%2Fod7&srno=s_4_123&otracker=search&otracker1=search&fm=organic&iid=6d490c4d-c38c-4be3-be6f-9f0d85a22367.GWNG6GGYYYT7WUSZ.SEARCH&ppt=None&ppn=None&ssid=moirkp01y80000001684673311803&qH=2f1038825bd73a92
123,Rayon Blend Stitched Flared/A-line Gown,Green,₹597,https://www.flipkart.com/leriya-fashion-flared-a-line-gown/p/itm56801e6102de3?pid=GWNGC5V5UV9VX6NZ&lid=LSTGWNGC5V5UV9VX6NZIJXEV4&marketplace=FLIPKART&q=gowns&store=clo%2Fodx%2Fod7&srno=s_4_124&otracker=search&otracker1=search&fm=organic&iid=6d490c4d-c38c-4be3-be6f-9f0d85a22367.GWNGC5V5UV9VX6NZ.SEARCH&ppt=None&ppn=None&ssid=moirkp01y80000001684673311803&qH=2f1038825bd73a92
124,Printed Georgette Stitched Anarkali Gown,Brown,₹649,https://www.flipkart.com/fashion2wear-anarkali-gown/p/itm1e022cfdac86e?pid=GWNGH8HQCRGXKBTZ&lid=LSTGWNGH8HQCRGXKBTZVUHS3K&marketplace=FLIPKART&q=gowns&store=clo%2Fodx%2Fod7&srno=s_4_125&otracker=search&otracker1=search&fm=organic&iid=6d490c4d-c38c-4be3-be6f-9f0d85a22367.GWNGH8HQCRGXKBTZ.SEARCH&ppt=None&ppn=None&ssid=moirkp01y80000001684673311803&qH=2f1038825bd73a92
125,Self Design Rayon Blend Stitched Anarkali Gown,"Dark Green, Gold, Red",₹769,https://www.flipkart.com/ftdiva-anarkali-gown/p/itm3d22841bf4f2b?pid=GWNGHKY5KRSMWMZJ&lid=LSTGWNGHKY5KRSMWMZJ4VSF16&marketplace=FLIPKART&q=gowns&store=clo%2Fodx%2Fod7&srno=s_4_126&otracker=search&otracker1=search&fm=organic&iid=6d490c4d-c38c-4be3-be6f-9f0d85a22367.GWNGHKY5KRSMWMZJ.SEARCH&ppt=None&ppn=None&ssid=moirkp01y80000001684673311803&qH=2f1038825bd73a92
126,Embroidered Silk Blend Stitched Anarkali Gown,Maroon,₹799,https://www.flipkart.com/kedar-fab-anarkali-gown/p/itmd3d82f27a22de?pid=GWNGCA3PF6HUAA9E&lid=LSTGWNGCA3PF6HUAA9EIFFEUJ&marketplace=FLIPKART&q=gowns&store=clo%2Fodx%2Fod7&srno=s_4_127&otracker=search&otracker1=search&fm=organic&iid=en_kdUdbXdpBy5QvhEnfKfvK0JvuM%2F61H0byNPXGAYcBNpeDnFu0q3OEewpPFV4xEhklWxRq8Trt2zOXdu%2BilyBqA%3D%3D&ppt=None&ppn=None&ssid=moirkp01y80000001684673311803&qH=2f1038825bd73a92
127,"Embroidered, Self Design Silk Blend Semi Stitched Anark...","Maroon, Beige",₹475,https://www.flipkart.com/kedar-fab-anarkali-gown/p/itmc56051b485525?pid=GWNFKG8GSYWGF7VC&lid=LSTGWNFKG8GSYWGF7VCNALVCA&marketplace=FLIPKART&q=gowns&store=clo%2Fodx%2Fod7&srno=s_4_128&otracker=search&otracker1=search&fm=organic&iid=en_kdUdbXdpBy5QvhEnfKfvK0JvuM%2F61H0byNPXGAYcBNrv7kQM7Loj5pFI3wtZga25Mha1F0dlmBHNS28cVCKYgA%3D%3D&ppt=None&ppn=None&ssid=moirkp01y80000001684673311803&qH=2f1038825bd73a92
128,Embroidered Georgette Semi Stitched Anarkali Gown,Light Green,"₹1,250",https://www.flipkart.com/ethnic-yard-anarkali-gown/p/itm50034d623ebc6?pid=GWNGGZWK6HJR3KZN&lid=LSTGWNGGZWK6HJR3KZNBVS05S&marketplace=FLIPKART&q=gowns&store=clo%2Fodx%2Fod7&srno=s_4_129&otracker=search&otracker1=search&fm=organic&iid=6d490c4d-c38c-4be3-be6f-9f0d85a22367.GWNGGZWK6HJR3KZN.SEARCH&ppt=None&ppn=None&ssid=moirkp01y80000001684673311803&qH=2f1038825bd73a92
129,"Printed, Woven Pure Silk Stitched Flared/A-line Gown","White, Green",₹749,https://www.flipkart.com/black-scissor-flared-a-line-gown/p/itmaedc482b3a272?pid=GWNGFKYHHZNHGC8T&lid=LSTGWNGFKYHHZNHGC8T5I8WHX&marketplace=FLIPKART&q=gowns&store=clo%2Fodx%2Fod7&srno=s_4_130&otracker=search&otracker1=search&fm=organic&iid=6d490c4d-c38c-4be3-be6f-9f0d85a22367.GWNGFKYHHZNHGC8T.SEARCH&ppt=None&ppn=None&ssid=moirkp01y80000001684673311803&qH=2f1038825bd73a92
130,Silk Blend Semi Stitched Anarkali Gown,Blue,₹492,https://www.flipkart.com/kedar-fab-anarkali-gown/p/itm40e37cb1fada4?pid=GWNFTD5XXQAMAUH6&lid=LSTGWNFTD5XXQAMAUH68YI2VW&marketplace=FLIPKART&q=gowns&store=clo%2Fodx%2Fod7&srno=s_4_131&otracker=search&otracker1=search&fm=organic&iid=en_kdUdbXdpBy5QvhEnfKfvK0JvuM%2F61H0byNPXGAYcBNqMS6v9mbrY%2BxhRRmq%2BaIHe2zrDUR5HejnH4nd3XpH28A%3D%3D&ppt=None&ppn=None&ssid=moirkp01y80000001684673311803&qH=2f1038825bd73a92
131,Embroidered Silk Blend Semi Stitched Anarkali Gown,Pink,₹492,https://www.flipkart.com/kedar-fab-anarkali-gown/p/itmcf42fcd1e2123?pid=GWNFVRQNSNBDRZDT&lid=LSTGWNFVRQNSNBDRZDTBEWFTE&marketplace=FLIPKART&q=gowns&store=clo%2Fodx%2Fod7&srno=s_4_132&otracker=search&otracker1=search&fm=organic&iid=en_kdUdbXdpBy5QvhEnfKfvK0JvuM%2F61H0byNPXGAYcBNqDRfOTmLV%2BxCPvQdytXR%2BLKRLCUYJ4WiM59rOsjtsPkQ%3D%3D&ppt=None&ppn=None&ssid=moirkp01y80000001684673311803&qH=2f1038825bd73a92
132,Solid Georgette Stitched Anarkali Gown,Purple,₹494,https://www.flipkart.com/kaleshh-enterprise-anarkali-gown/p/itm524447771aa50?pid=GWNGZR7ZTRVFX7NU&lid=LSTGWNGZR7ZTRVFX7NUMPDSB9&marketplace=FLIPKART&q=gowns&store=clo%2Fodx%2Fod7&srno=s_4_133&otracker=search&otracker1=search&fm=organic&iid=6d490c4d-c38c-4be3-be6f-9f0d85a22367.GWNGZR7ZTRVFX7NU.SEARCH&ppt=None&ppn=None&ssid=moirkp01y80000001684673311803&qH=2f1038825bd73a92
133,Polka Print Rayon Blend Stitched Flared/A-line Gown,"Black, White",₹400,https://www.flipkart.com/trend-me-flared-a-line-gown/p/itm6c3b9dc4fac70?pid=GWNGHBJKRSZGCPQF&lid=LSTGWNGHBJKRSZGCPQF073V2X&marketplace=FLIPKART&q=gowns&store=clo%2Fodx%2Fod7&srno=s_4_134&otracker=search&otracker1=search&fm=organic&iid=6d490c4d-c38c-4be3-be6f-9f0d85a22367.GWNGHBJKRSZGCPQF.SEARCH&ppt=None&ppn=None&ssid=moirkp01y80000001684673311803&qH=2f1038825bd73a92
134,Printed Georgette Stitched Anarkali Gown,"White, Pink",₹495,https://www.flipkart.com/bindudi-anarkali-gown/p/itmbe8a6d53bef05?pid=GWNGFEAY3HZV5NYH&lid=LSTGWNGFEAY3HZV5NYHPUMRT1&marketplace=FLIPKART&q=gowns&store=clo%2Fodx%2Fod7&srno=s_4_135&otracker=search&otracker1=search&fm=organic&iid=6d490c4d-c38c-4be3-be6f-9f0d85a22367.GWNGFEAY3HZV5NYH.SEARCH&ppt=None&ppn=None&ssid=moirkp01y80000001684673311803&qH=2f1038825bd73a92
135,Printed Rayon Blend Stitched Anarkali Gown,"Blue, Gold",₹449,https://www.flipkart.com/fab-anarkali-gown/p/itmff3c35a5eb426?pid=GWNGF2BWSVYNQ4PF&lid=LSTGWNGF2BWSVYNQ4PFKYUJBY&marketplace=FLIPKART&q=gowns&store=clo%2Fodx%2Fod7&srno=s_4_136&otracker=search&otracker1=search&fm=organic&iid=6d490c4d-c38c-4be3-be6f-9f0d85a22367.GWNGF2BWSVYNQ4PF.SEARCH&ppt=None&ppn=None&ssid=moirkp01y80000001684673311803&qH=2f1038825bd73a92
136,Embroidered Silk Blend Semi Stitched Anarkali Gown,Pink,₹492,https://www.flipkart.com/kedar-fab-anarkali-gown/p/itm3750e06b1d549?pid=GWNF48YGBB2YZU5V&lid=LSTGWNF48YGBB2YZU5VDGAUQG&marketplace=FLIPKART&q=gowns&store=clo%2Fodx%2Fod7&srno=s_4_137&otracker=search&otracker1=search&fm=organic&iid=en_kdUdbXdpBy5QvhEnfKfvK0JvuM%2F61H0byNPXGAYcBNoc1xUIj5w4%2BSleqkyb0BQJcp31kHNhuK1k2qVtdNqG5Q%3D%3D&ppt=None&ppn=None&ssid=moirkp01y80000001684673311803&qH=2f1038825bd73a92
137,Embroidered Silk Blend Semi Stitched Anarkali Gown,Blue,₹499,https://www.flipkart.com/kedar-fab-anarkali-gown/p/itm49acf4cb19607?pid=GWNFW482WYNE64EN&lid=LSTGWNFW482WYNE64ENCFHHZ5&marketplace=FLIPKART&q=gowns&store=clo%2Fodx%2Fod7&srno=s_4_138&otracker=search&otracker1=search&fm=organic&iid=en_kdUdbXdpBy5QvhEnfKfvK0JvuM%2F61H0byNPXGAYcBNqi4noWx4cHmsprexYpZDfj%2FoD8%2B%2FZEdUo6AwB9aaQxXg%3D%3D&ppt=None&ppn=None&ssid=moirkp01y80000001684673311803&qH=2f1038825bd73a92
138,Printed Georgette Stitched Anarkali Gown,White,₹939,https://www.flipkart.com/nari-dream-anarkali-gown/p/itm5410571a11f3b?pid=GWNGZUYUXGNFE4KM&lid=LSTGWNGZUYUXGNFE4KMGLTLWQ&marketplace=FLIPKART&q=gowns&store=clo%2Fodx%2Fod7&srno=s_4_139&otracker=search&otracker1=search&fm=organic&iid=6d490c4d-c38c-4be3-be6f-9f0d85a22367.GWNGZUYUXGNFE4KM.SEARCH&ppt=None&ppn=None&ssid=moirkp01y80000001684673311803&qH=2f1038825bd73a92
139,Georgette Stitched Flared/A-line Gown,Light Green,₹450,https://www.flipkart.com/zardeep-flared-a-line-gown/p/itm0fa3a89a78b07?pid=GWNGHBFNRXQHTX9G&lid=LSTGWNGHBFNRXQHTX9GOBPJ8Y&marketplace=FLIPKART&q=gowns&store=clo%2Fodx%2Fod7&srno=s_4_140&otracker=search&otracker1=search&fm=organic&iid=6d490c4d-c38c-4be3-be6f-9f0d85a22367.GWNGHBFNRXQHTX9G.SEARCH&ppt=None&ppn=None&ssid=moirkp01y80000001684673311803&qH=2f1038825bd73a92
140,Embroidered Silk Blend Semi Stitched Anarkali Gown,Blue,₹464,https://www.flipkart.com/kedar-fab-anarkali-gown/p/itme9dcd44dd27e9?pid=GWNFVPSVFGKQYVMX&lid=LSTGWNFVPSVFGKQYVMXMNMOH1&marketplace=FLIPKART&q=gowns&store=clo%2Fodx%2Fod7&srno=s_4_141&otracker=search&otracker1=search&fm=organic&iid=en_kdUdbXdpBy5QvhEnfKfvK0JvuM%2F61H0byNPXGAYcBNqFZkt%2BDHx4vZiI6Bc5pJi6dcBXL2fgK4Kqbk1yvFBrLg%3D%3D&ppt=None&ppn=None&ssid=moirkp01y80000001684673311803&qH=2f1038825bd73a92
141,Floral Print Crepe Stitched Anarkali Gown,Blue,₹314,https://www.flipkart.com/lanya-fab-anarkali-gown/p/itm9f55259c889cb?pid=GWNGPHT3A77VNZDE&lid=LSTGWNGPHT3A77VNZDEVHA2PW&marketplace=FLIPKART&q=gowns&store=clo%2Fodx%2Fod7&srno=s_4_142&otracker=search&otracker1=search&fm=organic&iid=en_kdUdbXdpBy5QvhEnfKfvK0JvuM%2F61H0byNPXGAYcBNoYcdlmozPDn2B1mW%2F1TfRK4e0m0s2JtxbteJy70ordug%3D%3D&ppt=None&ppn=None&ssid=moirkp01y80000001684673311803&qH=2f1038825bd73a92
142,Printed Georgette Stitched Flared/A-line Gown,White,₹674,https://www.flipkart.com/jay-gopal-tex-flared-a-line-gown/p/itm46deade244f57?pid=GWNGM3M5AX26XRGY&lid=LSTGWNGM3M5AX26XRGYT5BNUG&marketplace=FLIPKART&q=gowns&store=clo%2Fodx%2Fod7&srno=s_4_143&otracker=search&otracker1=search&fm=organic&iid=6d490c4d-c38c-4be3-be6f-9f0d85a22367.GWNGM3M5AX26XRGY.SEARCH&ppt=None&ppn=None&ssid=moirkp01y80000001684673311803&qH=2f1038825bd73a92
143,Geometric Print Pure Cotton Stitched Anarkali Gown,Yellow,"₹1,199",https://www.flipkart.com/kipek-anarkali-gown/p/itm6fcc10092dec8?pid=GWNGHSXZHYGBGZBH&lid=LSTGWNGHSXZHYGBGZBHP9YE8F&marketplace=FLIPKART&q=gowns&store=clo%2Fodx%2Fod7&srno=s_4_144&otracker=search&otracker1=search&fm=organic&iid=6d490c4d-c38c-4be3-be6f-9f0d85a22367.GWNGHSXZHYGBGZBH.SEARCH&ppt=None&ppn=None&ssid=moirkp01y80000001684673311803&qH=2f1038825bd73a92
144,Embroidered Net Semi Stitched Anarkali Gown,Blue,₹329,https://www.flipkart.com/rhet-fashion-anarkali-gown/p/itmc0e69cc216a4d?pid=GWNG2DGZHTT4DZHT&lid=LSTGWNG2DGZHTT4DZHTVXHH2M&marketplace=FLIPKART&q=gowns&store=clo%2Fodx%2Fod7&srno=s_4_145&otracker=search&otracker1=search&fm=organic&iid=6d490c4d-c38c-4be3-be6f-9f0d85a22367.GWNG2DGZHTT4DZHT.SEARCH&ppt=None&ppn=None&ssid=moirkp01y80000001684673311803&qH=2f1038825bd73a92
145,Embroidered Net Stitched Flared/A-line Gown,Maroon,"₹1,260",https://www.flipkart.com/vaani-creation-flared-a-line-gown/p/itmafcb8e97961a4?pid=GWNGCXEGYDCYAFBX&lid=LSTGWNGCXEGYDCYAFBXWKDSSS&marketplace=FLIPKART&q=gowns&store=clo%2Fodx%2Fod7&srno=s_4_146&otracker=search&otracker1=search&fm=organic&iid=6d490c4d-c38c-4be3-be6f-9f0d85a22367.GWNGCXEGYDCYAFBX.SEARCH&ppt=None&ppn=None&ssid=moirkp01y80000001684673311803&qH=2f1038825bd73a92
146,Embroidered Viscose Rayon Stitched Anarkali Gown,Black,₹411,https://www.flipkart.com/gurmeet-fashion-anarkali-gown/p/itmfd9a1ee1b81eb?pid=GWNGK36ENFHKGUMV&lid=LSTGWNGK36ENFHKGUMVT5CRTP&marketplace=FLIPKART&q=gowns&store=clo%2Fodx%2Fod7&srno=s_4_147&otracker=search&otracker1=search&fm=organic&iid=en_kdUdbXdpBy5QvhEnfKfvK0JvuM%2F61H0byNPXGAYcBNp7nFb3BY0UqPxanVUJrKhWcgv3Wrn5PiwWfXyp4q8pww%3D%3D&ppt=None&ppn=None&ssid=moirkp01y80000001684673311803&qH=2f1038825bd73a92
147,Viscose Rayon Stitched Anarkali Gown,Dark Green,₹411,https://www.flipkart.com/gurmeet-fashion-anarkali-gown/p/itm5fabe917b8b23?pid=GWNGK36EEKY6BYAV&lid=LSTGWNGK36EEKY6BYAVR5RG5R&marketplace=FLIPKART&q=gowns&store=clo%2Fodx%2Fod7&srno=s_4_148&otracker=search&otracker1=search&fm=organic&iid=en_kdUdbXdpBy5QvhEnfKfvK0JvuM%2F61H0byNPXGAYcBNpHNxHuYaUpUroxo9c9tjPDWm8sMsUDz7yqKzNtz6Xxwg%3D%3D&ppt=None&ppn=None&ssid=moirkp01y80000001684673311803&qH=2f1038825bd73a92
148,Embroidered Georgette Stitched Flared/A-line Gown,Purple,"₹1,499",https://www.flipkart.com/abhi-d-design-flared-a-line-gown/p/itm531992eef900b?pid=GWNGNMD8KYAGM4RG&lid=LSTGWNGNMD8KYAGM4RGPB6ICV&marketplace=FLIPKART&q=gowns&store=clo%2Fodx%2Fod7&srno=s_4_149&otracker=search&otracker1=search&fm=organic&iid=6d490c4d-c38c-4be3-be6f-9f0d85a22367.GWNGNMD8KYAGM4RG.SEARCH&ppt=None&ppn=None&ssid=moirkp01y80000001684673311803&qH=2f1038825bd73a92
149,Self Design Viscose Rayon Stitched Anarkali Gown,Pink,₹699,https://www.flipkart.com/ftdiva-anarkali-gown/p/itmc2734bd50eb40?pid=GWNG7CBDMKJSZVSP&lid=LSTGWNG7CBDMKJSZVSPWBO4PE&marketplace=FLIPKART&q=gowns&store=clo%2Fodx%2Fod7&srno=s_4_150&otracker=search&otracker1=search&fm=organic&iid=6d490c4d-c38c-4be3-be6f-9f0d85a22367.GWNG7CBDMKJSZVSP.SEARCH&ppt=None&ppn=None&ssid=moirkp01y80000001684673311803&qH=2f1038825bd73a92
150,Floral Print Georgette Stitched Flared/A-line Gown,Maroon,"₹1,249",https://www.flipkart.com/flaunt-flared-a-line-gown/p/itm7372f376e5441?pid=GWNGKZYYTQMA6ZQK&lid=LSTGWNGKZYYTQMA6ZQK3YPBIJ&marketplace=FLIPKART&q=gowns&store=clo%2Fodx%2Fod7&srno=s_4_151&otracker=search&otracker1=search&fm=organic&iid=en_kdUdbXdpBy5QvhEnfKfvK0JvuM%2F61H0byNPXGAYcBNrgT4CenEFh%2FmTV%2BRWQ%2FUHrSzrtRNIg8Ovvu7oz7Wp%2F4w%3D%3D&ppt=None&ppn=None&ssid=moirkp01y80000001684673311803&qH=2f1038825bd73a92
151,Floral Print Georgette Stitched Flared/A-line Gown,Black,"₹1,249",https://www.flipkart.com/flaunt-flared-a-line-gown/p/itmba2647f7b069c?pid=GWNGKZYYGKBVWRSY&lid=LSTGWNGKZYYGKBVWRSYPLIFS7&marketplace=FLIPKART&q=gowns&store=clo%2Fodx%2Fod7&srno=s_4_152&otracker=search&otracker1=search&fm=organic&iid=en_kdUdbXdpBy5QvhEnfKfvK0JvuM%2F61H0byNPXGAYcBNpI4nlKnohX1ITRInmWEa7LsqdyGNxikfTtTl2L3kljjQ%3D%3D&ppt=None&ppn=None&ssid=moirkp01y80000001684673311803&qH=2f1038825bd73a92
152,Printed Georgette Stitched Anarkali Gown,Green,₹649,https://www.flipkart.com/fashion2wear-anarkali-gown/p/itmc13f8e8582089?pid=GWNGHNHD6HYHFYH8&lid=LSTGWNGHNHD6HYHFYH8UH2U5N&marketplace=FLIPKART&q=gowns&store=clo%2Fodx%2Fod7&srno=s_4_153&otracker=search&otracker1=search&fm=organic&iid=6d490c4d-c38c-4be3-be6f-9f0d85a22367.GWNGHNHD6HYHFYH8.SEARCH&ppt=None&ppn=None&ssid=moirkp01y80000001684673311803&qH=2f1038825bd73a92
153,Paisley Rayon Blend Stitched Anarkali Gown,Pink,₹499,https://www.flipkart.com/ftdiva-anarkali-gown/p/itmcb141f78d0cdd?pid=GWNG3F5BFKA5USAC&lid=LSTGWNG3F5BFKA5USACJ2KRCH&marketplace=FLIPKART&q=gowns&store=clo%2Fodx%2Fod7&srno=s_4_154&otracker=search&otracker1=search&fm=organic&iid=6d490c4d-c38c-4be3-be6f-9f0d85a22367.GWNG3F5BFKA5USAC.SEARCH&ppt=None&ppn=None&ssid=moirkp01y80000001684673311803&qH=2f1038825bd73a92
154,Printed Crepe Stitched Anarkali Gown,Multicolor,₹283,https://www.flipkart.com/ne-style-anarkali-gown/p/itm5e657b797ce11?pid=GWNGBG8HZNVFYSHG&lid=LSTGWNGBG8HZNVFYSHGWRAIWK&marketplace=FLIPKART&q=gowns&store=clo%2Fodx%2Fod7&srno=s_4_155&otracker=search&otracker1=search&fm=organic&iid=6d490c4d-c38c-4be3-be6f-9f0d85a22367.GWNGBG8HZNVFYSHG.SEARCH&ppt=None&ppn=None&ssid=moirkp01y80000001684673311803&qH=2f1038825bd73a92
155,Rayon Blend Stitched Flared/A-line Gown,Green,₹380,https://www.flipkart.com/shyam-ki-nagri-flared-a-line-gown/p/itm1d46c7d0c8639?pid=GWNGKTPYQMMJXN3F&lid=LSTGWNGKTPYQMMJXN3FG7MRES&marketplace=FLIPKART&q=gowns&store=clo%2Fodx%2Fod7&srno=s_4_156&otracker=search&otracker1=search&fm=organic&iid=6d490c4d-c38c-4be3-be6f-9f0d85a22367.GWNGKTPYQMMJXN3F.SEARCH&ppt=None&ppn=None&ssid=moirkp01y80000001684673311803&qH=2f1038825bd73a92
156,Net Semi Stitched Anarkali Gown,Purple,₹799,https://www.flipkart.com/zinariya-fab-anarkali-gown/p/itmcf23e15f9399d?pid=GWNGBEYRCXNQGYJT&lid=LSTGWNGBEYRCXNQGYJTERCSCW&marketplace=FLIPKART&q=gowns&store=clo%2Fodx%2Fod7&srno=s_4_157&otracker=search&otracker1=search&fm=organic&iid=6d490c4d-c38c-4be3-be6f-9f0d85a22367.GWNGBEYRCXNQGYJT.SEARCH&ppt=None&ppn=None&ssid=moirkp01y80000001684673311803&qH=2f1038825bd73a92
157,Embroidered Silk Blend Semi Stitched Anarkali Gown,Red,₹471,https://www.flipkart.com/kedar-fab-anarkali-gown/p/itmdbfd9475fa7ae?pid=GWNFVPT2CHGCAYVZ&lid=LSTGWNFVPT2CHGCAYVZT96W6D&marketplace=FLIPKART&q=gowns&store=clo%2Fodx%2Fod7&srno=s_4_158&otracker=search&otracker1=search&fm=organic&iid=6d490c4d-c38c-4be3-be6f-9f0d85a22367.GWNFVPT2CHGCAYVZ.SEARCH&ppt=None&ppn=None&ssid=moirkp01y80000001684673311803&qH=2f1038825bd73a92
158,Net Semi Stitched Flared/A-line Gown,Pink,₹495,https://www.flipkart.com/zinariya-fab-flared-a-line-gown/p/itm7263988f9410d?pid=GWNG6GGYHUCY9VGM&lid=LSTGWNG6GGYHUCY9VGMMWJQKJ&marketplace=FLIPKART&q=gowns&store=clo%2Fodx%2Fod7&srno=s_4_159&otracker=search&otracker1=search&fm=organic&iid=6d490c4d-c38c-4be3-be6f-9f0d85a22367.GWNG6GGYHUCY9VGM.SEARCH&ppt=None&ppn=None&ssid=moirkp01y80000001684673311803&qH=2f1038825bd73a92
159,Floral Print Crepe Stitched Flared/A-line Gown,Orange,₹330,https://www.flipkart.com/rahul-flared-a-line-gown/p/itmd24e60112dfb0?pid=GWNFH5PYJSUBW7VA&lid=LSTGWNFH5PYJSUBW7VAAIM4BE&marketplace=FLIPKART&q=gowns&store=clo%2Fodx%2Fod7&srno=s_4_160&otracker=search&otracker1=search&fm=organic&iid=6d490c4d-c38c-4be3-be6f-9f0d85a22367.GWNFH5PYJSUBW7VA.SEARCH&ppt=None&ppn=None&ssid=moirkp01y80000001684673311803&qH=2f1038825bd73a92
